"ANNEE","L_REGION","C_REGION","C_DEPT","N_DEPT","NB_DECHETTERIE","NB_DECHETTERIE_ADM_PROF","NB_COMM_DESS","NBRE_MOY_COMM_DESS","NBRE_MOY_POP_DESS","TX_COUV_POP","NB_VISITE_TOT","FREQ_HAB","APP_MOY_VISITE","VA_COLLECTE_HGRA","NB_POP_DESS","RATIO_HAB"
2009,"Auvergne-Rhône-Alpes",84,"01","Ain",52,46,416,8,11305.30769,99.83408423,1863574.586,3.170013041,58.99983791,109950.5985,587876,187.0302556
2009,"Auvergne-Rhône-Alpes",84,"03","Allier",35,23,222,6.3429,6605.457143,67.3935857,519726.8852,2.248041166,78.83971902,40975.1216,231191,177.2349339
2009,"Auvergne-Rhône-Alpes",84,"07","Ardèche",39,28,322,8.2564,7730.333333,96.14290543,503273.0632,1.669324848,77.20142545,38853.39787,301483,128.8742578
2009,"Auvergne-Rhône-Alpes",84,"15","Cantal",16,16,135,8.4375,6055.875,65.30125354,120624.8639,1.244915721,116.2473651,14022.32259,96894,144.7181723
2009,"Auvergne-Rhône-Alpes",84,"26","Drôme",49,46,354,7.2245,9702.510204,98.43452371,914525.8561,1.923604571,82.33898947,75301.13483,475423,158.3876565
2009,"Auvergne-Rhône-Alpes",84,"38","Isère",107,102,521,4.8692,11144.42991,99.61705476,2778289.558,2.329892438,91.71118045,254800.215,1192454,213.6771858
2009,"Auvergne-Rhône-Alpes",84,"42","Loire",35,31,327,9.3429,21317.56844,99.99998596,1833860.33,2.457879265,54.53215735,100004.3601,746114.8952,134.0334588
2009,"Auvergne-Rhône-Alpes",84,"43","Haute-Loire",25,23,180,7.2,7313.56,81.94575165,225244.8364,1.23192993,95.33875407,21474.56206,182839,117.4506646
2009,"Auvergne-Rhône-Alpes",84,"63","Puy-de-Dôme",47,36,358,7.617,12008.65957,89.67153679,991869.7811,1.757366193,117.020908,116069.5024,564407,205.6485877
2009,"Auvergne-Rhône-Alpes",84,"69","Rhône",53,53,293,5.5283,32239.07024,99.99998378,2648768.689,1.550192588,61.80908876,163717.979,1708670.723,95.81599123
2009,"Auvergne-Rhône-Alpes",84,"73","Savoie",54,50,305,5.6481,7611.240741,100,1787002.263,4.347863329,50.24031749,89779.56107,411007,218.4380341
2009,"Auvergne-Rhône-Alpes",84,"74","Haute-Savoie",66,44,291,4.4091,10962.24242,99.6850346,1884709.799,2.604960553,75.01878648,141388.642,723508,195.4209795
2009,"Bourgogne-Franche-Comté",27,"21","Cote-d'Or",72,61,692,9.6111,7245.194444,99.52493971,1139947.488,2.185255913,71.09251229,81041.7308,521654,155.3553328
2009,"Bourgogne-Franche-Comté",27,"25","Doubs",48,41,578,12.0417,10900.72917,99.61144237,1560141.018,2.981721441,53.78692409,83915.18652,523235,160.3776248
2009,"Bourgogne-Franche-Comté",27,"39","Jura",37,32,540,14.5946,7020.351351,99.416711,580032.8316,2.233016872,66.7951707,38743.392,259753,149.1547432
2009,"Bourgogne-Franche-Comté",27,"58","Nièvre",24,22,307,12.7917,9083.958333,99.00816988,485330.7229,2.226134545,78.82780975,38257.55789,218015,175.4813104
2009,"Bourgogne-Franche-Comté",27,"70","Haute-Saône",28,28,524,18.7143,8328.964286,97.49868308,603690.2658,2.588601163,74.81245174,45163.54887,233211,193.6595995
2009,"Bourgogne-Franche-Comté",27,"71","Saône-et-Loire",77,72,570,7.4026,7166.415584,99.4761321,1654968.984,2.999142798,66.74294234,110457.4995,551814,200.1716148
2009,"Bourgogne-Franche-Comté",27,"89","Yonne",40,37,434,10.85,8365.573006,97.45059227,557777.2013,1.666882833,77.29349173,43112.5475,334622.9202,128.8391945
2009,"Bourgogne-Franche-Comté",27,"90","Territoire-de-Belfort",6,3,77,12.8333,8868.166667,37.34987119,53960.53529,1.014124214,164.3196772,8866.77774,53209,166.6405634
2009,"Bretagne",53,"22","Cotes-d'Armor",54,54,361,6.6852,10588.96296,97.32519289,1889530.802,3.304507842,80.58145625,152261.1437,571804,266.2820541
2009,"Bretagne",53,"29","Finistère",63,54,275,4.3651,13970.40079,98.45860452,2720578.72,3.091091647,93.81650537,255235.1881,880135.25,289.9954161
2009,"Bretagne",53,"35","Ille-et-Vilaine",70,50,347,4.9571,13873.3,99.35362357,2768497.969,2.850797646,61.13485041,169251.7092,971131,174.2830876
2009,"Bretagne",53,"56","Morbihan",67,51,258,3.8507,10678.73134,99.90128208,1365471.438,1.90848239,113.3120644,154724.3876,715475,216.2540795
2009,"Centre-Val de Loire",24,"18","Cher",38,28,250,6.5789,7529.289474,91.99124178,594936.4071,2.079375656,83.1686785,49480.07477,286113,172.9389254
2009,"Centre-Val de Loire",24,"28","Eure-et-Loir",36,36,367,10.1944,10656.16667,90.15750807,591789.7255,1.542637611,100.7072069,59597.49034,383622,155.3547251
2009,"Centre-Val de Loire",24,"36","Indre",33,15,214,6.4848,6648.939394,94.46630616,455411.1419,2.075569774,74.46888111,33913.95818,219415,154.5653587
2009,"Centre-Val de Loire",24,"37","Indre-et-Loire",47,35,270,5.7447,12175.55319,97.25213283,960252.2176,1.678026281,75.07045319,72086.56915,572251,125.9701934
2009,"Centre-Val de Loire",24,"41","Loir-et-Cher",50,41,283,5.66,6448.4628,98.33931338,672944.7688,2.087147867,95.41257893,64207.39587,322423.14,199.1401606
2009,"Centre-Val de Loire",24,"45","Loiret",46,46,331,7.1957,14178.56522,99.80168628,1614886.37,2.476006909,74.57510154,120430.315,652214,184.6484667
2009,"Corse",94,"2A","Corse-du-Sud",11,4,86,7.8182,11879.54545,92.4609071,141270.4094,1.081082145,66.8489507,9443.77863,130675,72.26920704
2009,"Corse",94,"2B","Haute-Corse",8,7,38,4.75,11478,55.87304678,51914.51618,0.565369796,309.0666842,16045.04738,91824,174.7369683
2009,"Dom-Com",97,"971","Guadeloupe",5,4,14,2.8,54992.2,68.47422762,258747.4675,0.941033338,10.17749091,2633.4,274961,9.577358244
2009,"Dom-Com",97,"972","Martinique",5,2,27,5.4,67599.8,85.26629398,41762,0.123556579,144.93008,6052.57,337999,17.90706481
2009,"Dom-Com",97,"973","Guyane",1,1,6,6,116124,51.73275597,12012,0.103441149,140.5783383,1688.627,116124,14.54158486
2009,"Dom-Com",97,"974","Réunion",28,28,21,0.75,28379.75,97.33807468,217471,0.273674766,133.6494951,29064.88935,794633,36.57649424
2009,"Grand-Est",44,"08","Ardennes",32,24,436,13.625,8589.96875,97.02890263,513302.1482,1.867374911,64.48357389,33099.557,274879,120.4150081
2009,"Grand-Est",44,"10","Aube",31,26,348,11.2258,8998.548387,91.97390026,480669.1108,1.723106275,68.2132296,32787.99242,278955,117.5386439
2009,"Grand-Est",44,"51","Marne",69,46,541,7.8406,7925.637681,96.59521854,810168.9688,1.481468083,86.89731224,70401.50585,546869,128.7355945
2009,"Grand-Est",44,"52","Haute-Marne",35,19,392,11.2,5071.657143,95.83940739,0,0,,21955.86872,177508,123.6894603
2009,"Grand-Est",44,"54","Meurthe-et-Moselle",37,24,524,14.1622,18660.79743,94.45028173,1295653.435,1.876536119,59.98063733,77714.11877,690449.505,112.5558324
2009,"Grand-Est",44,"55","Meuse",24,11,446,18.5833,7603.5,94.06246295,265654.432,1.455768352,78.88415343,20955.92497,182484,114.837054
2009,"Grand-Est",44,"57","Moselle",72,51,730,10.1389,13602.88025,93.73234306,2676399.823,2.732672719,48.78895229,130578.7433,979407.378,133.3242389
2009,"Grand-Est",44,"67","Bas-Rhin",64,48,523,8.1719,17045.04444,99.67507042,945957.744,0.867148795,147.8752956,139883.781,1090882.844,128.2298844
2009,"Grand-Est",44,"68","Haut-Rhin",67,21,273,4.0746,9485.41791,84.89328279,619911.6068,0.975435361,157.5562882,97670.97177,635523,153.6859748
2009,"Grand-Est",44,"88","Vosges",40,26,415,10.375,6440.596588,67.76151615,878955.1292,3.411776833,61.01847434,53632.50099,257623.8635,208.1814171
2009,"Hauts-de-France",32,"02","Aisne",53,7,770,14.5283,9915.886792,97.34602775,0,0,,67853.963,525542,129.1123507
2009,"Hauts-de-France",32,"59","Nord",76,60,588,7.7368,32992.15947,97.49077039,2775324.456,1.106851677,81.96279643,227473.3534,2507404.12,90.72065869
2009,"Hauts-de-France",32,"60","Oise",52,3,679,13.0577,14819.23077,96.14328918,2068941.568,2.684845014,51.18930019,105907.671,770600,137.4353374
2009,"Hauts-de-France",32,"62","Pas-de-Calais",74,47,840,11.3514,19348.78378,97.98481718,2096116.941,1.463963054,84.55756969,177242.5543,1431810,123.789158
2009,"Hauts-de-France",32,"80","Somme",33,4,623,18.8788,15461.48485,89.54920802,589667.7432,1.155692333,150.776736,88908.17762,510229,174.2515177
2009,"Ile-de-France",11,"75","Paris",5,0,20,4,446821,100,50728.6557,0.022706478,212.879262,10799.07879,2234105,4.833738249
2009,"Ile-de-France",11,"77","Seine-et-Marne",50,31,500,10,26159.34,99.58527928,1192783.087,0.911936683,101.8486887,121483.3934,1307967,92.87955534
2009,"Ile-de-France",11,"78","Yvelines",34,20,207,6.0882,35298.20588,85.26378982,813726.6912,0.678027038,72.94349659,59356.07012,1200139,49.45766292
2009,"Ile-de-France",11,"91","Essonne",25,17,194,7.76,46693.92,96.63444823,541160.4751,0.463581104,123.2044301,66673.36792,1167348,57.11524577
2009,"Ile-de-France",11,"92","Hauts-de-seine",5,0,36,7.2,312349,100,70321.22807,0.045027343,197.2202773,13868.7721,1561745,8.880305107
2009,"Ile-de-France",11,"93","Seine-Saint-Denis",18,7,40,2.2222,84221.27778,100,279083.1983,0.184093884,139.9563456,39059.46457,1515983,25.76510724
2009,"Ile-de-France",11,"94","Val-de-Marne",15,3,44,2.9333,83954.13333,95.50827925,100876.5119,0.080104463,318.176636,32096.5492,1259312,25.48736866
2009,"Ile-de-France",11,"95","Val-d'Oise",16,5,184,11.5,72941,99.84292817,670819.1701,0.574796042,90.91949503,60990.5402,1167056,52.26016592
2009,"Normandie",28,"14","Calvados",55,49,654,11.8909,11975.6,96.73230451,1885556.783,2.862725092,61.97586552,116859.0136,658658,177.4198653
2009,"Normandie",28,"27","Eure",53,40,645,12.1698,10657.25,96.91368033,1342778.921,2.377297271,93.57075326,125644.8351,564834.25,222.4454964
2009,"Normandie",28,"50","Manche",49,44,555,11.3265,9733.244898,95.81466645,1113165.537,2.334027784,106.1342065,118144.9409,476929,247.7201867
2009,"Normandie",28,"61","Orne",41,31,489,11.9268,6910.97561,96.96793402,0,0,,58061.72004,283350,204.9116642
2009,"Normandie",28,"76","Seine-Maritime",65,42,672,10.3385,18778,97.63622692,1710390.656,1.401304846,121.1603622,207231.5514,1220570,169.7826027
2009,"Nouvelle-Aquitaine",75,"16","Charente",38,34,404,10.6316,9251.657895,100,0,0,,62838.79,351563,178.7411929
2009,"Nouvelle-Aquitaine",75,"17","Charente-Maritime",77,49,463,6.013,7932.506494,99.05871973,0,0,,130805.44,610803,214.1532376
2009,"Nouvelle-Aquitaine",75,"19","Corrèze",34,26,279,8.2059,7097.117647,99.15759887,522883.4593,2.16692551,66.9932368,35029.65541,241302,145.1693538
2009,"Nouvelle-Aquitaine",75,"23","Creuse",18,17,244,13.5556,6602.5,96.16536121,197837.8661,1.664671346,72.5833895,14359.74289,118845,120.8274887
2009,"Nouvelle-Aquitaine",75,"24","Dordogne",50,45,526,10.52,7888.554,95.7158284,768046.8168,1.947243606,133.22361,102321.9696,394427.7,259.4188228
2009,"Nouvelle-Aquitaine",75,"33","Gironde",85,39,507,5.9647,16355.12494,96.89993803,3729457.906,2.682704994,69.95853055,260907.3948,1390185.62,187.6780993
2009,"Nouvelle-Aquitaine",75,"40","Landes",78,56,305,3.9103,4543.733974,93.42814249,880742.257,2.485085496,169.7098275,149470.6165,354411.25,421.7434307
2009,"Nouvelle-Aquitaine",75,"47","Lot-et-Garonne",42,25,318,7.5714,7507.297619,95.63523478,627078.2472,1.98878947,74.06742527,46446.07121,315306.5,147.3045155
2009,"Nouvelle-Aquitaine",75,"64","Pyrénées-Atlantiques",73,62,456,6.2466,8152.469178,91.50838156,1365838.714,2.295024852,74.43450327,101665.5262,595130.25,170.8290349
2009,"Nouvelle-Aquitaine",75,"79","Deux-Sèvres",90,86,304,3.3778,4067.011111,99.91592487,1797854.034,4.911753468,40.14848492,72181.11555,366031,197.19946
2009,"Nouvelle-Aquitaine",75,"86","Vienne",85,69,268,3.1529,4903.6,97.8266278,0,0,,79150.107,416806,189.8967553
2009,"Nouvelle-Aquitaine",75,"87","Haute-Vienne",35,25,201,5.7429,10709.97143,100,597460.9349,1.593870958,89.5399747,53496.63699,374849,142.7151653
2009,"Occitanie",76,"09","Ariège",19,19,312,16.4211,7815.473684,98.26425882,219746.3811,1.479833402,112.7710835,24781.0375,148494,166.8824161
2009,"Occitanie",76,"11","Aude",63,41,413,6.5556,5450.40619,97.0042347,743225.4346,2.164467878,87.39683891,64955.55358,343375.59,189.1676504
2009,"Occitanie",76,"12","Aveyron",43,33,247,5.7442,5926.366279,91.9818046,530398.9928,2.081353011,68.01548474,36075.3446,254833.75,141.5642339
2009,"Occitanie",76,"30","Gard",78,57,327,4.1923,8469.974359,94.12651396,1340558.477,2.029126229,94.39849807,126546.7068,660658,191.5464685
2009,"Occitanie",76,"31","Haute-Garonne",49,16,442,9.0204,24093.85714,95.91971206,1410164.626,1.194448433,76.98918265,108567.422,1180599,91.95960861
2009,"Occitanie",76,"32","Gers",30,25,440,14.6667,5964.6,95.59624107,353390.2396,1.974931203,70.81990751,25027.06408,178938,139.8644451
2009,"Occitanie",76,"34","Hérault",89,67,280,3.1461,10541.5618,90.91304626,1276604.205,1.360696617,158.7536727,202665.6061,938199,216.0155853
2009,"Occitanie",76,"46","Lot",28,28,321,11.4643,5919.857143,95.50247174,311287.7163,1.877987622,86.40559686,26897.00092,165756,162.2686414
2009,"Occitanie",76,"48","Lozère",23,19,174,7.5652,3162.304348,94.25890647,88631.04996,1.218580974,130.6088261,11575.99739,72733,159.1574305
2009,"Occitanie",76,"65","Hautes-Pyrénées",32,18,474,14.8125,7177.1875,100,625189.1533,2.72211936,68.00885598,42518.39909,229670,185.1282235
2009,"Occitanie",76,"66","Pyrénées-Orientales",33,24,180,5.4545,12534.09091,92.76391038,814107.2782,1.968225514,75.58984745,61538.24497,413625,148.7778664
2009,"Occitanie",76,"81","Tarn",28,20,289,10.3214,12253.10714,91.73007716,789670.2317,2.30166177,61.40493152,48489.6465,343087,141.3333834
2009,"Occitanie",76,"82","Tarn-et-Garonne",23,19,184,8,10212.91304,98.16374205,223573.6717,0.951794496,110.6458166,24737.49147,234897,105.3120792
2009,"PACA",93,"04","Alpes-de-Haute-Provence",27,18,162,6,5562.074074,94.18375666,336225.7144,2.238877813,75.58895297,25414.94971,150176,169.2344297
2009,"PACA",93,"05","Hautes-Alpes",29,22,168,5.7931,4594.310345,98.08519096,204084.6244,1.531764359,124.7077429,25450.93287,133235,191.0228759
2009,"PACA",93,"06","Alpes-Maritimes",55,45,143,2.6,18286.87273,93.20526365,609042.2773,0.605543447,217.3559537,132378.965,1005778,131.6184735
2009,"PACA",93,"13","Bouches-du-Rhône",74,60,118,1.5946,26537.40541,99.82051534,1020585.927,0.519707994,260.1508927,265506.34,1963768,135.2024984
2009,"PACA",93,"83","Var",72,50,115,1.5972,12899,92.19946729,815051.6841,0.877599991,189.2431312,154242.9328,928728,166.0797702
2009,"PACA",93,"84","Vaucluse",35,24,137,3.9143,14929.77143,96.75539055,1014443.451,1.941362514,83.37343279,84577.63288,522542,161.8580571
2009,"Pays de la Loire",52,"44","Loire-Atlantique",97,65,194,2,12517.80412,95.88339158,2968018.524,2.444368742,78.65801958,233458.4592,1214227,192.2692044
2009,"Pays de la Loire",52,"49","Maine-et-Loire",88,54,334,3.7955,8433.113636,95.13281937,2263787.091,3.05045733,55.62568967,125924.7182,742114,169.6837928
2009,"Pays de la Loire",52,"53","Mayenne",51,46,257,5.0392,5895.960784,98.54070333,938184.8497,3.120065082,56.49384579,53001.67022,300694,176.2644756
2009,"Pays de la Loire",52,"72","Sarthe",54,42,338,6.2593,9896.12963,95.24837358,2592009.43,4.850398733,29.7446856,77098.50556,534391,144.2735854
2009,"Pays de la Loire",52,"85","Vendée",79,71,199,2.519,6595.037975,83.17350749,0,0,,151104.8654,521008,290.0240792
2011,"Auvergne-Rhône-Alpes",84,"01","Ain",51,45,418,8.1961,11833.41176,99.94650786,1860082.106,3.082137162,63.57182754,118248.8188,603504,195.9370921
2011,"Auvergne-Rhône-Alpes",84,"03","Allier",34,22,297,8.7353,9748.823529,96.71197944,844159.2023,2.54679057,52.44258992,44269.89487,331460,133.5602935
2011,"Auvergne-Rhône-Alpes",84,"07","Ardèche",40,27,329,8.225,7723.675,97.37453392,556720.457,1.801993407,76.95625574,42843.12187,308947,138.6746655
2011,"Auvergne-Rhône-Alpes",84,"15","Cantal",16,16,232,14.5,8747.375,94.83727139,172109.9618,1.229725787,107.8601442,18563.8053,139958,132.6384008
2011,"Auvergne-Rhône-Alpes",84,"26","Drôme",48,45,347,7.2292,10035.3125,98.70940772,876737.8293,1.820109881,94.68509392,83014.00371,481695,172.3372751
2011,"Auvergne-Rhône-Alpes",84,"38","Isère",106,101,522,4.9245,11439.10377,99.78053212,2979065.59,2.456870128,83.44481171,248587.5672,1212545,205.0130653
2011,"Auvergne-Rhône-Alpes",84,"42","Loire",37,33,327,8.8378,20244.67278,99.99998568,1733597.902,2.3143865,61.28798704,106248.7258,749052.8927,141.8440898
2011,"Auvergne-Rhône-Alpes",84,"43","Haute-Loire",26,24,258,9.9231,8615.037525,99.59270972,373736.5722,1.668534061,77.83121681,29088.37218,223990.9757,129.8640362
2011,"Auvergne-Rhône-Alpes",84,"63","Puy-de-Dôme",47,36,370,7.8723,11250.55319,83.2103533,807236.4687,1.526613289,118.7071623,95824.7505,528776,181.2199315
2011,"Auvergne-Rhône-Alpes",84,"69","Rhône",53,53,293,5.5283,32910.10785,99.99998373,2882108.101,1.65236159,61.08050564,176040.6201,1744235.716,100.9270814
2011,"Auvergne-Rhône-Alpes",84,"73","Savoie",54,50,304,5.6296,7747.388889,99.8591714,1799593.266,4.301552652,51.3527792,92414.11564,418359,220.8966836
2011,"Auvergne-Rhône-Alpes",84,"74","Haute-Savoie",67,45,291,4.3433,11113.70149,99.68192516,2432473.222,3.266739753,62.85957619,152904.2358,744618,205.3458764
2011,"Bourgogne-Franche-Comté",27,"21","Cote-d'Or",72,61,689,9.5694,7264.597222,99.45239965,1693554.321,3.237837841,48.42333164,82007.54252,523051,156.7868956
2011,"Bourgogne-Franche-Comté",27,"25","Doubs",42,41,563,13.4048,12452.5,98.84748338,1327267.769,2.53777262,63.2471359,83945.88496,523005,160.5068498
2011,"Bourgogne-Franche-Comté",27,"39","Jura",37,32,542,14.6486,7029.081081,99.53385841,621930.5544,2.391341586,64.70234492,40240.36525,260076,154.7254081
2011,"Bourgogne-Franche-Comté",27,"58","Nièvre",24,22,306,12.75,8854.291667,97.32620076,479519.5362,2.256530666,85.76087255,41124.01383,212503,193.5220389
2011,"Bourgogne-Franche-Comté",27,"70","Haute-Saône",28,28,524,18.7143,8345.178571,97.48430297,719217.2701,3.077984594,70.39152088,50626.79749,233665,216.6640168
2011,"Bourgogne-Franche-Comté",27,"71","Saône-et-Loire",72,70,570,7.9167,7681.375,99.47122207,1616220.027,2.922328408,67.32740966,108815.9079,553059,196.7528019
2011,"Bourgogne-Franche-Comté",27,"89","Yonne",43,40,434,10.093,7764.812089,97.49576445,629560.5483,1.8855502,84.93005661,53468.613,333886.9198,160.1398852
2011,"Bourgogne-Franche-Comté",27,"90","Territoire-de-Belfort",9,5,99,11,15839.66667,99.448196,159062.2402,1.115779935,74.88458485,11911.30982,142557,83.5547172
2011,"Bretagne",53,"22","Cotes-d'Armor",55,54,373,6.7818,10806.81818,100,0,0,,159345.4573,594375,268.0890974
2011,"Bretagne",53,"29","Finistère",65,54,282,4.3385,13824.98846,99.86156334,1655836.517,1.842635025,148.7351801,246281.1425,898624.25,274.0646522
2011,"Bretagne",53,"35","Ille-et-Vilaine",70,50,353,5.0429,14234.84286,100,0,0,,160076.9377,996439,160.6490088
2011,"Bretagne",53,"56","Morbihan",67,51,259,3.8657,10846.47761,99.94924926,1992804.337,2.742212669,79.93008449,159285.0191,726714,219.1852903
2011,"Centre-Val de Loire",24,"18","Cher",38,29,283,7.4474,8104.236842,98.80235102,742643.1087,2.411484275,67.89007238,50418.0944,307961,163.7158419
2011,"Centre-Val de Loire",24,"28","Eure-et-Loir",37,37,403,10.8919,11632.86486,100,726371.9863,1.687604518,110.7007746,80409.9415,430416,186.8191273
2011,"Centre-Val de Loire",24,"36","Indre",32,15,241,7.5313,7085.40625,98.50461605,502471.624,2.21613803,75.4251202,37898.98264,226733,167.1524773
2011,"Centre-Val de Loire",24,"37","Indre-et-Loire",48,36,276,5.75,12330.9375,99.69714477,907827.0317,1.533789557,87.32175144,79273.04642,591885,133.9331904
2011,"Centre-Val de Loire",24,"41","Loir-et-Cher",49,41,290,5.9184,6750.836735,99.85239073,834046.7294,2.521370682,76.62878149,63911.98458,330791,193.2095631
2011,"Centre-Val de Loire",24,"45","Loiret",47,47,333,7.0851,13958.34043,99.46254247,1763084.481,2.68745672,67.76272624,119471.411,656042,182.109394
2011,"Corse",94,"2A","Corse-du-Sud",11,4,16,1.4545,9064.636364,68.36731895,116896.4558,1.172352657,97.93701542,11448.48999,99711,114.8167202
2011,"Corse",94,"2B","Haute-Corse",10,9,52,5.2,10586.7,62.77692125,84657.01488,0.799654424,235.4571919,19933.103,105867,188.2843851
2011,"Dom-Com",97,"971","Guadeloupe",5,4,22,4.4,63469.4,78.42796594,80947.54625,0.25507582,159.3701007,12900.6186,317347,40.65145913
2011,"Dom-Com",97,"972","Martinique",7,3,24,3.4286,48547.85714,86.62829379,119566,0.35183545,80.11096466,9578.5476,339835,28.18587726
2011,"Dom-Com",97,"973","Guyane",1,1,6,6,121308,51.0665168,0,0,,3167.94,121308,26.11484816
2011,"Dom-Com",97,"974","Réunion",33,33,23,0.697,24956.06061,99.39281736,329322,0.399881003,132.3088691,43572.22139,823550,52.90780328
2011,"Grand-Est",44,"08","Ardennes",41,30,456,11.122,6246.091398,90.45591724,616205.9489,2.40621093,63.5896717,39184.33399,256089.7473,153.0101631
2011,"Grand-Est",44,"10","Aube",31,26,367,11.8387,9088.580645,92.68051987,264534.2666,0.93891046,148.9400483,39399.74645,281746,139.8413694
2011,"Grand-Est",44,"51","Marne",67,48,525,7.8358,8045.328358,95.14023838,1235905.926,2.29280351,59.97057683,74117.99126,539037,137.500749
2011,"Grand-Est",44,"52","Haute-Marne",21,21,422,20.0952,8620.333333,99.2608636,272907.9283,1.507553726,79.59189877,21721.2602,181027,119.9890635
2011,"Grand-Est",44,"54","Meurthe-et-Moselle",38,24,578,15.2105,18449.84342,95.6310324,1738090.024,2.479111075,49.03246127,85222.83177,701094.05,121.5569177
2011,"Grand-Est",44,"55","Meuse",24,11,438,18.25,7584.041667,94.03793198,294851.285,1.619910695,83.51046618,24623.16826,182017,135.2794973
2011,"Grand-Est",44,"57","Moselle",71,51,728,10.2535,13951.90156,94.77958204,2610224.827,2.635033641,56.4323104,147301.0176,990585.0106,148.7010363
2011,"Grand-Est",44,"67","Bas-Rhin",63,48,515,8.1746,17290.81219,99.09505023,2767719.275,2.540774343,57.37164131,158788.5975,1089321.168,145.7683943
2011,"Grand-Est",44,"68","Haut-Rhin",61,21,274,4.4918,10605.19672,85.90556346,1746504.249,2.699734663,68.5956247,119802.55,646917,185.1899858
2011,"Grand-Est",44,"88","Vosges",39,26,435,11.1538,9167.448718,94.37755721,0,0,,59089.91062,357530.5,165.2723631
2011,"Hauts-de-France",32,"02","Aisne",54,7,800,14.8148,9903.388889,98.79568152,1031706.16,1.92920523,75.65228902,78050.93263,534783,145.9487916
2011,"Hauts-de-France",32,"59","Nord",76,62,627,8.25,33669.88158,99.213053,2992977.33,1.169629319,89.37194793,267488.2141,2558911,104.5320506
2011,"Hauts-de-France",32,"60","Oise",55,3,687,12.4909,14409.83636,98.37384347,1195808.027,1.508827969,113.75979,136034.87,792541,171.6439528
2011,"Hauts-de-France",32,"62","Pas-de-Calais",73,48,860,11.7808,19873.76712,99.17815542,2543019.817,1.75285781,81.63933744,207610.453,1450785,143.1021502
2011,"Hauts-de-France",32,"80","Somme",36,5,653,18.1389,14384.19444,90.65494187,874795.9123,1.689346355,107.7887676,94293.17326,517831,182.0925616
2011,"Ile-de-France",11,"75","Paris",6,0,20,3.3333,374995.8333,100,24479.27031,0.010879797,277.8851426,6802.42552,2249975,3.023333824
2011,"Ile-de-France",11,"77","Seine-et-Marne",51,31,513,10.0588,26243,99.9974597,1629353.007,1.217395045,84.82374222,138207.8194,1338393,103.2640035
2011,"Ile-de-France",11,"78","Yvelines",34,20,232,6.8235,37463.97059,90.10635702,791177.5125,0.621128153,96.54065435,76380.79477,1273775,59.96411829
2011,"Ile-de-France",11,"91","Essonne",26,17,195,7.5,45468.65385,96.48985342,711555.9449,0.601898979,134.6527179,95812.94189,1182185,81.04733345
2011,"Ile-de-France",11,"92","Hauts-de-seine",6,0,36,6,263604.6667,100,93586.9163,0.059171257,192.3878301,18004.98375,1581628,11.38382967
2011,"Ile-de-France",11,"93","Seine-Saint-Denis",21,9,40,1.9048,72853.71429,100,245158.7473,0.160242016,247.474593,60670.56121,1529928,39.65582773
2011,"Ile-de-France",11,"94","Val-de-Marne",16,3,45,2.8125,80640.1875,96.74147598,425305.6268,0.329632191,102.4694676,43580.84113,1290243,33.77723509
2011,"Ile-de-France",11,"95","Val-d'Oise",17,5,179,10.5294,69167.64706,99.6174912,780679.6626,0.663927935,99.44315264,77633.24685,1175850,66.023087
2011,"Normandie",28,"14","Calvados",53,51,677,12.7736,12710.5283,98.30663308,1191521.588,1.768733672,110.1350351,131228.2719,673658,194.7995451
2011,"Normandie",28,"27","Eure",52,41,674,12.9615,11255.35085,99.51832975,1414344.302,2.416533189,89.15948412,126102.2083,585278.2443,215.4568525
2011,"Normandie",28,"50","Manche",49,44,553,11.2857,9808.285714,96.21144634,1262983.733,2.627898389,95.90315522,121124.125,480606,252.0237471
2011,"Normandie",28,"61","Orne",42,32,502,11.9524,6851.952381,98.93121478,732356.5308,2.544830916,81.20510726,59471.09064,287782,206.6532675
2011,"Normandie",28,"76","Seine-Maritime",63,42,679,10.7778,19387.66667,97.61372736,2048193.209,1.676890978,115.4191543,236400.728,1221423,193.5453385
2011,"Nouvelle-Aquitaine",75,"16","Charente",38,33,404,10.6316,9281.710526,100,1120000,3.175458244,57.15303571,64011.4,352705,181.4870784
2011,"Nouvelle-Aquitaine",75,"17","Charente-Maritime",74,49,463,6.2568,8375.054054,99.05255385,2384543.481,3.847564487,60.14025794,143407.06,619754,231.3935207
2011,"Nouvelle-Aquitaine",75,"19","Corrèze",34,26,279,8.2059,7070.647059,99.15365389,0,0,,33380.40337,240402,138.8524362
2011,"Nouvelle-Aquitaine",75,"23","Creuse",18,17,230,12.7778,6232.833333,91.53965405,210178.9746,1.873403166,66.25034009,13924.42855,112191,124.1135969
2011,"Nouvelle-Aquitaine",75,"24","Dordogne",52,47,529,10.1731,7699.940661,96.44214254,819380.9857,2.046421829,84.31614711,69087.04773,400396.9143,172.546404
2011,"Nouvelle-Aquitaine",75,"33","Gironde",82,38,535,6.5244,17623.90573,98.73592879,3686676.246,2.551050096,69.47009126,256113.7352,1445160.27,177.221683
2011,"Nouvelle-Aquitaine",75,"40","Landes",78,56,324,4.1538,4757.339744,95.6547461,1778282.524,4.792277853,87.85766744,156235.7546,371072.5,421.0383539
2011,"Nouvelle-Aquitaine",75,"47","Lot-et-Garonne",43,25,319,7.4186,7694.55814,100,673443.7405,2.035397232,74.64253084,50267.54517,330866,151.9272006
2011,"Nouvelle-Aquitaine",75,"64","Pyrénées-Atlantiques",75,66,498,6.64,8283.266667,94.61429041,1395788.366,2.246759919,75.266038,105055.4602,621245,169.1047174
2011,"Nouvelle-Aquitaine",75,"79","Deux-Sèvres",75,74,305,4.0667,4945.853333,100,1163405.987,3.13638088,62.33358379,72519.2646,370939,195.5018604
2011,"Nouvelle-Aquitaine",75,"86","Vienne",75,64,269,3.5867,5591.32,97.87651682,1153458.153,2.750592355,72.60009369,83741.17,419349,199.6932627
2011,"Nouvelle-Aquitaine",75,"87","Haute-Vienne",36,26,201,5.5833,10446.05556,100,652073.1885,1.733969729,84.19309822,54900.06201,376058,145.9882837
2011,"Occitanie",76,"09","Ariège",21,20,325,15.4762,7226.285714,99.649344,290658.5564,1.915352393,96.95812781,28181.70946,151752,185.7089822
2011,"Occitanie",76,"11","Aude",59,42,385,6.5254,4130.857288,67.70636753,161573.0245,0.662943706,398.7263062,64423.41525,243720.58,264.3330951
2011,"Occitanie",76,"12","Aveyron",46,33,263,5.7174,5539.592543,92.38913938,547443.8882,2.148344666,67.15394937,36763.01915,254821.257,144.2698289
2011,"Occitanie",76,"30","Gard",78,57,324,4.1538,6207.358974,67.40019238,1008558.562,2.083049817,104.6996092,105595.6873,484174,218.0945018
2011,"Occitanie",76,"31","Haute-Garonne",52,16,509,9.7885,23681.88462,97.71723484,1692411.28,1.374315064,64.09934579,108482.4558,1231458,88.0926965
2011,"Occitanie",76,"32","Gers",31,26,462,14.9032,6075.064516,99.70035946,318425.8697,1.69081369,71.94066371,22907.76841,188327,121.638259
2011,"Occitanie",76,"34","Hérault",91,69,329,3.6154,11592.89011,99.33307346,1401928.011,1.328900918,150.3709749,210809.2817,1054953,199.8281266
2011,"Occitanie",76,"46","Lot",28,28,335,11.9643,6207.535714,99.46038431,236796.8762,1.362381416,111.0309893,26291.79144,173811,151.2665564
2011,"Occitanie",76,"48","Lozère",24,20,184,7.6667,3196.708333,99.43620716,0,0,,11638.138,76721,151.6942949
2011,"Occitanie",76,"65","Hautes-Pyrénées",32,16,435,13.5938,6844.868906,95.55368672,577985.5981,2.638772223,71.83205091,41517.89091,219035.805,189.5484207
2011,"Occitanie",76,"66","Pyrénées-Orientales",32,24,214,6.6875,14047.875,99.33750249,718034.1792,1.597292694,114.4318755,82165.99779,449532,182.7811986
2011,"Occitanie",76,"81","Tarn",28,21,310,11.0714,13143.03571,97.43959754,871853.9674,2.3691362,58.45938825,50968.04958,368005,138.498253
2011,"Occitanie",76,"82","Tarn-et-Garonne",25,19,184,7.36,9062.28,92.64429859,351962.2728,1.553526365,75.8223484,26686.60607,226557,117.7920173
2011,"PACA",93,"04","Alpes-de-Haute-Provence",30,17,192,6.4,5298.633333,98.75744755,323772.5717,2.036830703,97.02088821,31412.70248,158959,197.6151239
2011,"PACA",93,"05","Hautes-Alpes",29,22,168,5.7931,4688,98.08592764,0,0,,25961.15128,135952,190.9582153
2011,"PACA",93,"06","Alpes-Maritimes",51,43,148,2.902,20314.76471,95.82046236,0,0,,156936.9038,1036053,151.4757486
2011,"PACA",93,"13","Bouches-du-Rhône",74,61,119,1.6081,26701.2973,100,0,0,,285446.4574,1975896,144.4643126
2011,"PACA",93,"83","Var",79,50,137,1.7342,12378.89873,96.56356302,3285432.919,3.359568518,47.20408515,155085.8553,977933,158.5853584
2011,"PACA",93,"84","Vaucluse",36,25,137,3.8056,14690.61111,96.74953808,0,0,,102270.8409,528862,193.3790685
2011,"Pays de la Loire",52,"44","Loire-Atlantique",96,65,217,2.2604,13370.45833,99.012623,4403979.859,3.431055918,54.76319608,241176.0125,1283564,187.895588
2011,"Pays de la Loire",52,"49","Maine-et-Loire",81,51,360,4.4444,9728.45679,99.70417907,2424349.984,3.076566753,52.4683454,127201.6323,788005,161.422367
2011,"Pays de la Loire",52,"53","Mayenne",50,47,261,5.22,6140.62,100,1290528.095,4.203250145,41.90330901,54077.39756,307031,176.1300897
2011,"Pays de la Loire",52,"72","Sarthe",54,42,360,6.6667,10246.14815,97.80349927,1280921.304,2.315090955,67.64572072,86648.84483,553292,156.6059962
2011,"Pays de la Loire",52,"85","Vendée",79,71,272,3.443,7947.848101,97.85290272,0,0,,160143.6469,627880,255.0545437
2013,"Auvergne-Rhône-Alpes",84,"01","Ain",51,45,419,8.2157,12147,100,1981934.634,3.199264297,60.511786,119930.4045,619497,193.5931965
2013,"Auvergne-Rhône-Alpes",84,"03","Allier",36,27,291,8.0833,9172.020833,96.14529556,835670.1279,2.530855471,69.84788353,58369.78976,330192.75,176.7748982
2013,"Auvergne-Rhône-Alpes",84,"07","Ardèche",39,27,339,8.6923,8214.846154,100,650435.0227,2.030204922,78.38881869,50986.83307,320379,159.1453656
2013,"Auvergne-Rhône-Alpes",84,"15","Cantal",15,15,211,14.0667,8881.733333,90.60835855,276285.377,2.073809744,72.24654221,19960.66315,133226,149.8255832
2013,"Auvergne-Rhône-Alpes",84,"26","Drôme",50,50,359,7.18,9883.68,99.89327124,1077052.636,2.179456713,83.82759512,90286.73231,494184,182.6986149
2013,"Auvergne-Rhône-Alpes",84,"38","Isère",109,107,530,4.8624,11327.34862,99.94285192,2503049.538,2.027284407,103.9304314,260143.0183,1234681,210.6965429
2013,"Auvergne-Rhône-Alpes",84,"42","Loire",39,18,327,8.3846,19402.94592,99.99998555,1405462.21,1.857320673,83.60403048,117502.3055,756714.8907,155.2794942
2013,"Auvergne-Rhône-Alpes",84,"43","Haute-Loire",27,25,258,9.5556,8343.332115,99.58752408,410848.8774,1.823806709,79.37406688,32610.74627,225269.9671,144.7629557
2013,"Auvergne-Rhône-Alpes",84,"63","Puy-de-Dôme",47,40,458,9.7447,13392.55319,98.19828112,985226.4,1.565217889,94.69053227,93291.61222,629450,148.211315
2013,"Auvergne-Rhône-Alpes",84,"69","Rhône",53,53,288,5.434,33493.93792,99.73782602,2869873.541,1.616667395,58.40462973,167613.9015,1775178.71,94.42086061
2013,"Auvergne-Rhône-Alpes",84,"73","Savoie",54,38,305,5.6481,7846.573726,99.99999557,1064693.819,2.512759441,89.56302917,95357.20358,423714.9812,225.0503471
2013,"Auvergne-Rhône-Alpes",84,"74","Haute-Savoie",66,43,294,4.4545,11661.77273,100,6988922.395,9.080331613,23.41206829,163625.1284,769677,212.5893438
2013,"Bourgogne-Franche-Comté",27,"21","Cote-d'Or",73,63,704,9.6438,7236.164384,99.7128894,1047141.002,1.982320541,82.43288909,86318.85811,528240,163.4084093
2013,"Bourgogne-Franche-Comté",27,"25","Doubs",43,41,594,13.814,12402.7907,100,978315.9571,1.834388279,97.46495499,95351.52073,533320,178.7885711
2013,"Bourgogne-Franche-Comté",27,"39","Jura",36,33,502,13.9444,7002.583333,96.77200175,686813.6288,2.724445458,58.10071368,39904.362,252093,158.2922255
2013,"Bourgogne-Franche-Comté",27,"58","Nièvre",24,22,309,12.875,8920.916667,99.48006932,435421.971,2.033712768,93.42562181,40679.56839,214102,190.0008799
2013,"Bourgogne-Franche-Comté",27,"70","Haute-Saône",29,29,531,18.3103,8109.586207,98.41895579,707906.0586,3.010086227,66.08409955,46781.33445,235178,198.9188379
2013,"Bourgogne-Franche-Comté",27,"71","Saône-et-Loire",71,68,562,7.9155,7709.507042,98.40944803,2713648.946,4.957568295,40.46722962,109813.855,547375,200.6190546
2013,"Bourgogne-Franche-Comté",27,"89","Yonne",43,40,447,10.3953,7798.569419,98.2006381,703695.4122,2.098463027,84.63574859,59557.78799,335338.485,177.6049891
2013,"Bourgogne-Franche-Comté",27,"90","Territoire-de-Belfort",7,6,102,14.5714,20616.85714,100,220529.2777,1.52807881,81.16801145,17899.92294,144318,124.0311184
2013,"Bretagne",53,"22","Cotes-d'Armor",56,54,373,6.6607,10662.23207,99.99999927,2954207.686,4.947717172,61.1189129,180557.9623,597084.9957,302.3990949
2013,"Bretagne",53,"29","Finistère",67,54,282,4.209,13488.83582,99.98130368,3292846.395,3.64352875,77.26997875,254438.171,903752,281.5353891
2013,"Bretagne",53,"35","Ille-et-Vilaine",71,50,353,4.9718,14365.11268,100,2881323.787,2.825040505,57.2052257,164826.7775,1019923,161.6070797
2013,"Bretagne",53,"56","Morbihan",68,51,244,3.5882,10592.45588,97.62923264,2379789.21,3.303945802,73.17671277,174145.1515,720287,241.771893
2013,"Centre-Val de Loire",24,"18","Cher",40,27,284,7.1,7680.157375,98.57413605,872658.3161,2.840626414,65.68905375,57324.09903,307206.295,186.5980612
2013,"Centre-Val de Loire",24,"28","Eure-et-Loir",37,37,350,9.4595,10373.27027,88.6467098,826716.5097,2.153967733,91.69466757,75805.49553,383811,197.5073553
2013,"Centre-Val de Loire",24,"36","Indre",32,16,246,7.6875,7120.90625,99.90267042,605769.9309,2.658413083,70.30545329,42588.92958,227869,186.9009369
2013,"Centre-Val de Loire",24,"37","Indre-et-Loire",47,39,260,5.5319,12387.42553,96.99409581,982906.6511,1.688236786,85.58746642,84124.49,582209,144.4919093
2013,"Centre-Val de Loire",24,"41","Loir-et-Cher",49,42,289,5.898,6761.061224,99.78644643,903510.9097,2.727234312,76.89380827,69474.39466,331292,209.7074323
2013,"Centre-Val de Loire",24,"45","Loiret",48,48,333,6.9375,13791.77083,99.46182843,1750010.436,2.64350033,76.60194554,134054.2041,662005,202.4972683
2013,"Corse",94,"2A","Corse-du-Sud",11,11,74,6.7273,11995.81818,88.42086924,138003.0285,1.045841949,104.4980256,14421.04401,131954,109.2884188
2013,"Corse",94,"2B","Haute-Corse",13,11,125,9.6154,11447.92308,87.04422895,96785.52048,0.650339803,290.2664351,28093.588,148823,188.7718162
2013,"Dom-Com",97,"971","Guadeloupe",8,6,23,2.875,40344.125,80.26305646,426507.9886,1.321468704,47.17617615,20121.016,322753,62.34184036
2013,"Dom-Com",97,"972","Martinique",11,1,32,2.9091,33784.63636,96.3895827,112236,0.302009251,89.38818204,10032.572,371631,26.99605792
2013,"Dom-Com",97,"973","Guyane",1,1,6,6,123085,50.42028855,0,0,,3583.826,123085,29.11667547
2013,"Dom-Com",97,"974","Réunion",35,35,24,0.6857,23860.08571,100,417816,0.500316727,93.26468828,38967.479,835103,46.66188362
2013,"Grand-Est",44,"08","Ardennes",40,33,440,11,6559.325,93.40208681,559002.6729,2.130564779,66.36072563,37095.823,262373,141.3858248
2013,"Grand-Est",44,"10","Aube",39,34,374,9.5897,7584.666667,96.48412654,521846.0632,1.764173546,74.19277626,38717.20821,295802,130.8889332
2013,"Grand-Est",44,"51","Marne",69,52,588,8.5217,8114.101449,98.22350565,1147163.128,2.048970262,63.70070309,73075.09778,559873,130.5208463
2013,"Grand-Est",44,"52","Haute-Marne",29,22,432,14.8966,6258.586207,99.98788019,368610.329,2.030922093,75.14321801,27698.56631,181499,152.6100216
2013,"Grand-Est",44,"54","Meurthe-et-Moselle",36,24,588,16.3333,20155.53,99.2606169,1113112.275,1.534059656,72.47751797,80675.61489,725599.08,111.1848362
2013,"Grand-Est",44,"55","Meuse",24,20,440,18.3333,7535.875,94.15234208,260012.3791,1.437636522,99.04966325,25754.13859,180861,142.3974134
2013,"Grand-Est",44,"57","Moselle",74,51,726,9.8108,13471.27076,95.22397046,2374393.872,2.381839416,65.60908634,155781.8126,996874.0363,156.2703079
2013,"Grand-Est",44,"67","Bas-Rhin",63,53,527,8.3651,17606.22779,99.97587574,2790848.057,2.516108279,58.88833791,164348.4034,1109192.351,148.1694345
2013,"Grand-Est",44,"68","Haut-Rhin",68,23,292,4.2941,9773.088235,87.5905963,1747924.454,2.630158529,68.070309,118981.7577,664570,179.0357038
2013,"Grand-Est",44,"88","Vosges",40,34,473,11.825,9135.5,97.38664165,879300.998,2.406274966,73.19573746,64361.085,365420,176.1290707
2013,"Hauts-de-France",32,"02","Aisne",55,41,807,14.6727,9741.654545,99.20824638,1019497.797,1.902790075,82.71356114,84326.29338,535791,157.3865432
2013,"Hauts-de-France",32,"59","Nord",81,66,612,7.5556,31602.4321,98.62305898,3156210.383,1.232992453,91.03878442,287337.5566,2559797,112.2501341
2013,"Hauts-de-France",32,"60","Oise",56,48,651,11.625,14191.53571,97.46455727,1120120.098,1.409441868,114.9593336,128768.26,794726,162.0284979
2013,"Hauts-de-France",32,"62","Pas-de-Calais",74,35,826,11.1622,19475.31081,98.35981996,2348063.431,1.629272426,84.650561,198764.8867,1441173,137.9188249
2013,"Hauts-de-France",32,"80","Somme",39,30,741,19,14222.69231,97.02803166,2323193.031,4.188310539,39.52065433,91814.10872,554685,165.524773
2013,"Ile-de-France",11,"75","Paris",7,0,20,2.8571,318517.2857,100,42857.88901,0.019222051,133.4829809,5720.79878,2229621,2.565816693
2013,"Ile-de-France",11,"77","Seine-et-Marne",53,31,352,6.6415,20016.92453,77.71000586,1206423.693,1.137173253,108.6360073,131061.0531,1060897,123.5379619
2013,"Ile-de-France",11,"78","Yvelines",37,22,248,6.7027,36119.27027,94.21417513,832462.1125,0.622907823,100.2280369,83436.0433,1336413,62.43282825
2013,"Ile-de-France",11,"91","Essonne",27,18,193,7.1481,44421.59259,95.64984038,761267.766,0.634716155,129.3087837,98438.60891,1199383,82.074374
2013,"Ile-de-France",11,"92","Hauts-de-seine",7,4,36,5.1429,227343.2857,100,173941.6068,0.109300791,121.1551564,21073.92258,1591403,13.24235444
2013,"Ile-de-France",11,"93","Seine-Saint-Denis",22,8,40,1.8182,70567.36364,100,134707.9852,0.086769434,588.6472138,79295.48015,1552482,51.07658585
2013,"Ile-de-France",11,"94","Val-de-Marne",17,3,45,2.6471,77010.17647,96.68893394,424720.3366,0.324418802,93.72754805,39807.99576,1309173,30.40697888
2013,"Ile-de-France",11,"95","Val-d'Oise",19,5,178,9.3684,62705.52632,99.72578454,615343.7563,0.516485793,128.044625,78791.4605,1191405,66.13322967
2013,"Normandie",28,"14","Calvados",55,50,706,12.8364,12544.45455,100,1398943.636,2.027616167,104.996856,146884.6836,689945,212.8933228
2013,"Normandie",28,"27","Eure",54,42,670,12.4074,10922.03704,99.11720666,1357849.16,2.302258702,96.0687355,130446.8518,589790,221.1750823
2013,"Normandie",28,"50","Manche",50,44,535,10.7,9220.68,92.22173992,1267077.092,2.748337632,97.60335009,123670.969,461034,268.2469601
2013,"Normandie",28,"61","Orne",44,30,501,11.3864,6544.045455,99.68495541,868592.3538,3.016595079,77.55401354,67362.82317,287938,233.9490556
2013,"Normandie",28,"76","Seine-Maritime",66,39,686,10.3939,18566.80303,97.67258166,2076851.216,1.694822884,125.7526196,261169.4809,1225409,213.1284174
2013,"Nouvelle-Aquitaine",75,"16","Charente",39,34,404,10.359,9063.641026,100,1232612,3.487057332,57.54360658,70928.94,353482,200.6578553
2013,"Nouvelle-Aquitaine",75,"17","Charente-Maritime",75,48,472,6.2933,8445.56,100,2562414.005,4.045382433,58.40640494,149661.39,633417,236.2762446
2013,"Nouvelle-Aquitaine",75,"19","Corrèze",34,27,283,8.3235,7032.029412,99.29728675,594022.1571,2.484523157,56.54065737,33586.40326,239089,140.4765726
2013,"Nouvelle-Aquitaine",75,"23","Creuse",18,16,251,13.9444,6553.277778,97.59001258,232525.5408,1.971240353,70.98776713,16506.46894,117959,139.9339511
2013,"Nouvelle-Aquitaine",75,"24","Dordogne",52,50,480,9.2308,7394.865385,92.23427654,1006633.321,2.617807369,65.31980618,65753.09343,384533,170.99467
2013,"Nouvelle-Aquitaine",75,"33","Gironde",85,39,542,6.3765,17711.96471,100,5187697.805,3.445791582,55.83026672,289630.5521,1505517,192.3794631
2013,"Nouvelle-Aquitaine",75,"40","Landes",78,51,324,4.1538,5046.294872,99.08993872,1865529.837,4.739526682,76.77832247,143232.2514,393611,363.8929079
2013,"Nouvelle-Aquitaine",75,"47","Lot-et-Garonne",43,33,317,7.3721,7736.651163,99.84873042,743625.4333,2.23528428,72.59437185,53983.02122,332676,162.2690582
2013,"Nouvelle-Aquitaine",75,"64","Pyrénées-Atlantiques",77,63,546,7.0909,8622.493506,99.98117631,1627447.699,2.45122648,68.52067429,111513.8137,663932,167.9596912
2013,"Nouvelle-Aquitaine",75,"79","Deux-Sèvres",72,72,305,4.2361,5161.555556,100,1242298.163,3.342818064,61.83660217,76819.49725,371632,206.7085107
2013,"Nouvelle-Aquitaine",75,"86","Vienne",74,65,271,3.6622,5720.756757,98.16532482,1213874.49,2.867401994,73.50761607,89229.02,423336,210.7758849
2013,"Nouvelle-Aquitaine",75,"87","Haute-Vienne",37,26,201,5.4324,10158.27027,100,590416,1.570856924,94.90701135,56034.61801,375856,149.0853359
2013,"Occitanie",76,"09","Ariège",19,19,284,14.9474,6567.210526,81.72238087,273130.7564,2.18895114,107.3409761,29318.122,124777,234.964152
2013,"Occitanie",76,"11","Aude",65,39,417,6.4154,5485.107692,97.71292792,815164.7049,2.286371784,76.92309074,62704.98856,356532,175.8747842
2013,"Occitanie",76,"12","Aveyron",47,36,216,4.5957,5154.361702,87.22366242,499218.5963,2.060715347,75.39277841,37637.47701,242255,155.3630555
2013,"Occitanie",76,"30","Gard",81,61,284,3.5062,8485.358025,93.74155245,1461948.085,2.127045405,81.17227643,118669.6541,687314,172.6571176
2013,"Occitanie",76,"31","Haute-Garonne",51,19,482,9.451,24667.88235,96.88116547,1850239.114,1.470705827,63.92618773,118278.733,1258062,94.01661679
2013,"Occitanie",76,"32","Gers",32,26,351,10.9688,4959.6875,83.41041435,365297.7285,2.301668001,81.62110839,29816.00549,158710,187.8646934
2013,"Occitanie",76,"34","Hérault",93,67,331,3.5591,11557.63441,98.40057638,2160843.921,2.010349182,94.04474565,203216.0169,1074860,189.0627774
2013,"Occitanie",76,"46","Lot",28,28,335,11.9643,6170.785714,99.43829924,287425.7278,1.663516615,109.0096147,31332.16785,172782,181.3393053
2013,"Occitanie",76,"48","Lozère",24,24,178,7.4167,3035.875,95.11010743,143117.9542,1.964260087,78.8992445,11291.89846,72861,154.9786369
2013,"Occitanie",76,"65","Hautes-Pyrénées",32,17,327,10.2188,5947.5625,83.15797752,476032.9465,2.501197688,67.57754884,32169.13969,190322,169.024809
2013,"Occitanie",76,"66","Pyrénées-Orientales",35,25,193,5.5143,12780.37143,96.67347446,1131698.257,2.529991879,75.18839801,85090.57899,447313,190.2260363
2013,"Occitanie",76,"81","Tarn",29,24,323,11.1379,13169.89655,100,848934.6591,2.222766809,66.11943302,56131.07833,381927,146.9680812
2013,"Occitanie",76,"82","Tarn-et-Garonne",24,21,163,6.7917,8437.375,80.88814502,330920.9418,1.634201701,88.96165171,29439.27357,202497,145.3812825
2013,"PACA",93,"04","Alpes-de-Haute-Provence",33,16,196,5.9394,4882.121212,99.50221102,527290.9542,3.272862977,53.09468844,27996.34893,161110,173.7716401
2013,"PACA",93,"05","Hautes-Alpes",30,23,173,5.7667,4624.566667,99.61085304,378271.116,2.726533772,76.36955031,28888.39502,138737,208.2241581
2013,"PACA",93,"06","Alpes-Maritimes",51,40,159,3.1176,21098.27451,99.5596662,1249704.248,1.161422222,122.9424771,153641.7358,1076012,142.7881249
2013,"PACA",93,"13","Bouches-du-Rhône",74,58,119,1.6081,26934.82432,100,2020006.706,1.013460775,134.4097534,271508.6034,1993177,136.2190129
2013,"PACA",93,"83","Var",81,51,143,1.7654,12671.92593,99.79029402,1827425.415,1.780377168,108.4935442,198263.8601,1026426,193.1594291
2013,"PACA",93,"84","Vaucluse",36,25,137,3.8056,14768.13889,96.67314606,1067407.604,2.007714813,79.48599559,84843.95607,531653,159.5852108
2013,"Pays de la Loire",52,"44","Loire-Atlantique",97,68,221,2.2784,13697.1134,100,4152870.949,3.125702571,63.922568,265462.1756,1328620,199.8029351
2013,"Pays de la Loire",52,"49","Maine-et-Loire",79,50,361,4.5696,10096.29114,99.6770771,2603100.712,3.263638247,55.92809038,145586.4519,797607,182.5290549
2013,"Pays de la Loire",52,"53","Mayenne",50,49,261,5.22,6150,100,1167741.853,3.797534481,51.11348337,59687.35377,307500,194.1052155
2013,"Pays de la Loire",52,"72","Sarthe",54,41,352,6.5185,10192.45593,96.72386057,1329616.426,2.41575991,68.09259035,90537.02661,550392.62,164.4953499
2013,"Pays de la Loire",52,"85","Vendée",72,72,281,3.9028,9078.222222,99.71411398,2149222.582,3.288123259,80.62374527,173278.374,653632,265.1008121
2015,"Auvergne-Rhône-Alpes",84,"01","Ain",50,45,419,8.38,12637.54,100,1964929.456,3.1096708,62.16099863,122141.9772,631877,193.3002424
2015,"Auvergne-Rhône-Alpes",84,"03","Allier",36,27,314,8.7222,9428.388889,99.35863097,924907.3888,2.724948262,66.27704869,61300.13204,339422,180.6015286
2015,"Auvergne-Rhône-Alpes",84,"07","Ardèche",39,24,339,8.6923,8313.051282,100,625350.8375,1.92885095,99.0339439,61930.95976,324209,191.0217167
2015,"Auvergne-Rhône-Alpes",84,"15","Cantal",18,18,260,14.4444,8123.277778,100,168705.3412,1.153785357,142.0753082,23968.86334,146219,163.9244102
2015,"Auvergne-Rhône-Alpes",84,"26","Drôme",49,48,361,7.3673,9868.77551,95.82531602,1081534.036,2.236561482,85.17142229,92115.79209,483570,190.4911225
2015,"Auvergne-Rhône-Alpes",84,"38","Isère",110,81,533,4.8455,11373.27273,100,3322665.663,2.655880344,82.35089973,273624.5068,1251060,218.7141359
2015,"Auvergne-Rhône-Alpes",84,"42","Loire",37,18,327,8.8378,20524.61863,99.99998541,1853643.688,2.440896904,72.39362078,134191.9782,759410.8892,176.7053648
2015,"Auvergne-Rhône-Alpes",84,"43","Haute-Loire",27,25,259,9.5926,8378.555556,99.64190385,453485.8246,2.004614181,79.4930095,36048.95296,226221,159.3528141
2015,"Auvergne-Rhône-Alpes",84,"63","Puy-de-Dôme",47,40,464,9.8723,13619.14894,98.85699018,1113464.847,1.739517023,83.37558697,92835.78515,640100,145.0332529
2015,"Auvergne-Rhône-Alpes",84,"69","Rhône",53,45,293,5.5283,34377.25859,99.99998383,3006496.672,1.650112738,58.01250368,174414.3992,1821994.705,95.72717128
2015,"Auvergne-Rhône-Alpes",84,"73","Savoie",53,35,305,5.7547,8079.320755,100,1327463.828,3.100073395,72.43314423,96152.37892,428204,224.5480634
2015,"Auvergne-Rhône-Alpes",84,"74","Haute-Savoie",66,44,294,4.4545,12026.33712,99.9748406,2777397.85,3.499135704,61.3514137,170397.2845,793738.25,214.6769222
2015,"Bourgogne-Franche-Comté",27,"21","Cote-d'Or",74,64,707,9.5541,7204.689189,100,1199817.176,2.250443454,73.00689163,87594.92255,533147,164.2978814
2015,"Bourgogne-Franche-Comté",27,"25","Doubs",43,42,561,13.0465,12345.06977,98.86006194,1469088.034,2.76748845,65.63968936,96430.4822,530838,181.6570822
2015,"Bourgogne-Franche-Comté",27,"39","Jura",36,35,544,15.1111,7238.527778,100,647137.5515,2.483383866,60.91885861,39422.881,260587,151.2849106
2015,"Bourgogne-Franche-Comté",27,"58","Nièvre",24,22,309,12.875,8775.333333,99.46209391,441998.8824,2.098680404,91.38101175,40390.30507,210608,191.7795386
2015,"Bourgogne-Franche-Comté",27,"70","Haute-Saône",30,30,539,17.9667,7882.8,99.48591958,742569.9749,3.140043195,63.37483471,47060.24942,236484,198.9997185
2015,"Bourgogne-Franche-Comté",27,"71","Saône-et-Loire",67,64,543,8.1045,8106.80597,97.7940541,1783586.554,3.283746389,62.21954024,110973.9354,543156,204.3131906
2015,"Bourgogne-Franche-Comté",27,"89","Yonne",45,40,454,10.0889,7575.622222,100,684224.755,2.007095141,93.83170544,64201.97566,340903,188.3291601
2015,"Bourgogne-Franche-Comté",27,"90","Territoire-de-Belfort",7,6,102,14.5714,20640.42857,100,242890.2706,1.681099303,73.78281313,17921.12745,144483,124.0362358
2015,"Bretagne",53,"22","Cotes-d'Armor",55,55,373,6.7818,10879.21818,100,2672766.246,4.466842113,72.44267128,193622.3266,598357,323.5899748
2015,"Bretagne",53,"29","Finistère",69,57,283,4.1014,13156.46377,100,3635225.368,4.004451846,72.37705535,263106.9077,907796,289.8304329
2015,"Bretagne",53,"35","Ille-et-Vilaine",70,62,353,5.0429,14898.34286,100,3549976.279,3.403999178,50.71914271,180051.7535,1042884,172.6479201
2015,"Bretagne",53,"56","Morbihan",69,56,259,3.7536,10789.31884,99.95300834,2992786.819,4.020061197,60.22106838,180228.8197,744463,242.0923802
2015,"Centre-Val de Loire",24,"18","Cher",40,27,287,7.175,7661.297625,99.1779415,885241.3761,2.888679632,66.81928058,59151.19189,306451.905,193.0194948
2015,"Centre-Val de Loire",24,"28","Eure-et-Loir",36,36,395,10.9722,11988.16667,99.43299503,855557.3411,1.982411686,97.33303939,83273.99638,431574,192.9541547
2015,"Centre-Val de Loire",24,"36","Indre",32,17,246,7.6875,6999.3125,99.90098127,599482.5226,2.676524134,63.78177867,38236.06157,223978,170.7134699
2015,"Centre-Val de Loire",24,"37","Indre-et-Loire",47,39,277,5.8936,12871.61702,100,989741.5904,1.636028455,96.99130406,95996.32753,604966,158.6805333
2015,"Centre-Val de Loire",24,"41","Loir-et-Cher",49,42,277,5.6531,6566.306122,96.60681579,883869.3809,2.747077321,77.61292888,68599.6914,321749,213.2087167
2015,"Centre-Val de Loire",24,"45","Loiret",49,49,333,6.7959,13668,99.46283428,1879840.778,2.806855247,68.07979465,127979.1742,669732,191.0901288
2015,"Corse",94,"2A","Corse-du-Sud",11,11,111,10.0909,13314.81818,95.89668042,111214.1436,0.759332689,199.2250194,22156.63991,146463,151.2780696
2015,"Corse",94,"2B","Haute-Corse",12,12,218,18.1667,14139.75,97.20657909,145006.0993,0.854600796,128.1215217,18578.4021,169677,109.4927545
2015,"Dom-Com",97,"971","Guadeloupe",10,9,26,2.6,28368,71.27817282,130140.3645,0.45875763,139.5153769,18156.582,283680,64.00374365
2015,"Dom-Com",97,"972","Martinique",11,1,32,2.9091,30440.30909,87.91378844,209542,0.625791041,104.0254842,21797.708,334843.4,65.09821606
2015,"Dom-Com",97,"973","Guyane",1,1,6,6,131922,50.76558982,0,0,,4357.22,131922,33.02875942
2015,"Dom-Com",97,"974","Réunion",36,36,24,0.6667,23631.30556,100,543051,0.638337563,107.7706477,58524.958,850727,68.79405262
2015,"Grand-Est",44,"08","Ardennes",39,33,461,11.8205,7093.128205,99.59676258,502087.37,1.815001048,92.79543916,46591.418,276632,168.4238194
2015,"Grand-Est",44,"10","Aube",39,34,349,8.9487,6999.641026,88.32897598,557308.4604,2.041527626,63.22129618,35233.76324,272986,129.0680227
2015,"Grand-Est",44,"51","Marne",68,55,620,9.1176,8415.367647,100,1229179.624,2.147995393,66.69306816,81977.76041,572245,143.2564031
2015,"Grand-Est",44,"52","Haute-Marne",29,27,432,14.8966,6171.862069,99.90510957,364963.9745,2.03908715,77.63025208,28332.24534,178984,158.2948495
2015,"Grand-Est",44,"54","Meurthe-et-Moselle",36,23,487,13.5278,18153.44444,88.98710926,867840.8511,1.327940291,81.33848306,70588.85836,653524,108.0126489
2015,"Grand-Est",44,"55","Meuse",24,23,455,18.9583,7556.161458,95.13281242,389706.5937,2.148944914,67.45646655,26288.2298,181347.875,144.9602307
2015,"Grand-Est",44,"57","Moselle",75,53,728,9.7067,13922.64,99.97242663,2763453.573,2.646484261,59.37020393,164066.8022,1044198,157.1223103
2015,"Grand-Est",44,"67","Bas-Rhin",63,53,527,8.3651,17724.73016,100,3039514.484,2.721974395,53.47625806,162541.8609,1116658,145.5610052
2015,"Grand-Est",44,"68","Haut-Rhin",66,20,283,4.2879,10642.15152,92.10274755,1590766.616,2.264816888,62.92923789,100105.7308,702382,142.5232008
2015,"Grand-Est",44,"88","Vosges",40,36,500,12.5,9074.825,97.57456668,0,0,,64604.35995,362993,177.9768754
2015,"Hauts-de-France",32,"02","Aisne",52,44,753,14.4808,9775.980769,94.36502589,1090173.711,2.14452949,77.53918653,84531.18269,508351,166.2850721
2015,"Hauts-de-France",32,"59","Nord",81,68,635,7.8395,31943.58025,99.316454,5800682.407,2.241870275,56.5299543,327912.3114,2587430,126.7328242
2015,"Hauts-de-France",32,"60","Oise",56,51,693,12.375,14670.57143,100,1305473.093,1.589032822,103.3271552,134890.8209,821552,164.1902411
2015,"Hauts-de-France",32,"62","Pas-de-Calais",73,39,845,11.5753,17547.0274,86.98161407,2483119.574,1.938524165,73.4517622,182389.5085,1280933,142.388016
2015,"Hauts-de-France",32,"80","Somme",41,35,690,16.8293,12623.12195,90.49956372,851057.6508,1.644403323,106.2808407,90451.12263,517548,174.7685676
2015,"Ile-de-France",11,"75","Paris",8,0,20,2.5,275811,100,43460.46994,0.019696672,107.5956055,4676.15558,2206488,2.119275328
2015,"Ile-de-France",11,"77","Seine-et-Marne",54,36,353,6.537,20073.77778,77.97767245,1229586.287,1.134321435,98.85662564,121552.7512,1083984,112.1351895
2015,"Ile-de-France",11,"78","Yvelines",35,23,242,6.9143,39082.05714,95.83693865,882837.5383,0.645409467,113.2049106,99941.54457,1367872,73.06352098
2015,"Ile-de-France",11,"91","Essonne",28,18,196,7,45421.03071,99.65177675,808974.1228,0.636091531,111.2346894,89985.98529,1271788.86,70.75544386
2015,"Ile-de-France",11,"92","Hauts-de-seine",9,4,36,4,177952.1111,100,160109.6997,0.099970529,116.338177,18626.87058,1601569,11.63038906
2015,"Ile-de-France",11,"93","Seine-Saint-Denis",22,8,40,1.8182,72393.77273,100,180405.3787,0.113272788,452.3881011,81613.24668,1592663,51.24326156
2015,"Ile-de-France",11,"94","Val-de-Marne",18,3,45,2.5,73720.83333,96.69087992,427379.4095,0.322070431,111.7405088,47755.59266,1326975,35.98831377
2015,"Ile-de-France",11,"95","Val-d'Oise",20,5,178,8.9,60608.2,99.7345708,715395.817,0.590180716,123.3391695,88236.32593,1212164,72.79239932
2015,"Normandie",28,"14","Calvados",55,52,602,10.9455,11409.89091,90.47909467,1334827.279,2.127065638,107.0275246,142863.2594,627544,227.6545698
2015,"Normandie",28,"27","Eure",54,40,675,12.5,11147.18366,99.99998634,1278901.978,2.124605702,99.98659325,127873.0519,601947.9178,212.4320861
2015,"Normandie",28,"50","Manche",50,41,533,10.66,9372.48,93.85864242,1486214.763,3.171443978,91.03960032,135304.398,468624,288.7269922
2015,"Normandie",28,"61","Orne",44,34,503,11.4318,6493.886364,99.69052886,869561.3565,3.043286716,81.66504263,71012.76525,285731,248.5301394
2015,"Normandie",28,"76","Seine-Maritime",66,40,679,10.2879,18581.71212,97.51085117,2468270.21,2.012625814,97.34647742,240277.4103,1226393,195.9220334
2015,"Nouvelle-Aquitaine",75,"16","Charente",37,33,404,10.9189,9557.108108,100,1319807,3.732348641,55.65443281,73453.11,353613,207.7217467
2015,"Nouvelle-Aquitaine",75,"17","Charente-Maritime",75,48,472,6.2933,8532.506667,100,2085458.418,3.258844479,74.32338072,154998.32,639938,242.2083389
2015,"Nouvelle-Aquitaine",75,"19","Corrèze",36,28,277,7.6944,6632.194444,98.71336374,529606.5049,2.218163524,80.07166524,42406.47477,238759,177.6120472
2015,"Nouvelle-Aquitaine",75,"23","Creuse",18,16,245,13.6111,6346.5,94.90881901,208918.8873,1.828819798,83.93427251,17535.45482,114237,153.5006593
2015,"Nouvelle-Aquitaine",75,"24","Dordogne",52,50,535,10.2885,7788.211538,97.48926982,875072.3316,2.160741781,79.17413717,69283.09682,404987,171.0748662
2015,"Nouvelle-Aquitaine",75,"33","Gironde",84,40,486,5.7857,18060.30952,97.97142743,4275805.718,2.818470467,65.59507412,280471.793,1517066,184.8777792
2015,"Nouvelle-Aquitaine",75,"40","Landes",78,51,321,4.1154,5039.884615,97.48954701,1737944.27,4.421001372,90.2416018,156834.8748,393111,398.9582453
2015,"Nouvelle-Aquitaine",75,"47","Lot-et-Garonne",44,34,319,7.25,7577.659091,100,813990.7417,2.441359444,72.92463113,59359.97458,333417,178.0352369
2015,"Nouvelle-Aquitaine",75,"64","Pyrénées-Atlantiques",77,60,547,7.1039,8701.714286,100,1832288.056,2.734627684,66.85187849,122491.8985,670032,182.8149976
2015,"Nouvelle-Aquitaine",75,"79","Deux-Sèvres",65,65,303,4.6615,5743.138462,99.6979449,1289279,3.453697255,61.95977752,79883.44,373304,213.9903135
2015,"Nouvelle-Aquitaine",75,"86","Vienne",72,63,271,3.7639,5929.097222,98.16228124,1201478.131,2.814458195,72.89487651,87581.6,426895,205.1595826
2015,"Nouvelle-Aquitaine",75,"87","Haute-Vienne",37,26,192,5.1892,9912.648649,97.59789247,736453.7065,2.007955183,79.67062353,58673.726,366768,159.9750414
2015,"Occitanie",76,"09","Ariège",19,19,322,16.9474,7465.789474,93.01700339,347277.196,2.448200183,93.73234288,32551.10521,141850,229.475539
2015,"Occitanie",76,"11","Aude",60,38,367,6.1167,5535.883333,90.51550999,569116.7476,1.713417454,114.4758183,65150.1054,332153,196.1448652
2015,"Occitanie",76,"12","Aveyron",50,38,263,5.26,5078.64,90.95995616,592469.7259,2.333182608,72.48780508,42946.83001,253932,169.1272861
2015,"Occitanie",76,"30","Gard",79,63,347,4.3924,9292.78481,99.45014082,1768159.164,2.408509616,88.05753096,155699.7304,734130,212.0874101
2015,"Occitanie",76,"31","Haute-Garonne",50,20,550,11,26524.98,99.33683019,2075615.221,1.565026794,69.94996906,145189.2205,1326249,109.4735758
2015,"Occitanie",76,"32","Gers",31,26,463,14.9355,5805.177419,94.25371336,441960.5219,2.455875161,69.50706187,30719.37734,179960.5,170.7006668
2015,"Occitanie",76,"34","Hérault",93,71,332,3.5699,11920.78495,98.96830002,3237896.334,2.920620561,68.51888109,221857.0339,1108633,200.1176529
2015,"Occitanie",76,"46","Lot",28,28,335,11.9643,6157.321429,99.42618224,316776.0667,1.837394894,108.0364938,34223.37558,172405,198.5057022
2015,"Occitanie",76,"48","Lozère",24,24,177,7.375,3104.583333,97.64247992,72832.0238,0.977479852,169.7657733,12364.38484,74510,165.942623
2015,"Occitanie",76,"65","Hautes-Pyrénées",32,16,463,14.4688,7100.40625,99.4010902,674822.0696,2.969997621,67.56292218,45592.95097,227213,200.6617182
2015,"Occitanie",76,"66","Pyrénées-Orientales",35,29,222,6.3429,13222.54286,98.24876125,903382.803,1.952040353,102.7365539,92810.436,462789,200.5458989
2015,"Occitanie",76,"81","Tarn",31,30,323,10.4194,12469.12903,100,1050695.294,2.718184765,61.27376025,64380.05152,386543,166.5534016
2015,"Occitanie",76,"82","Tarn-et-Garonne",25,22,195,7.8,10210.96,100,453557.5243,1.776747825,93.85729444,42569.6821,255274,166.7607437
2015,"PACA",93,"04","Alpes-de-Haute-Provence",34,16,193,5.6765,4721.441176,99.21507549,381636.3269,2.377366874,87.80408065,33509.22683,160529,208.7425128
2015,"PACA",93,"05","Hautes-Alpes",30,23,174,5.8,4690.3,99.85310398,425382.4781,3.023136247,72.92277151,31020.06926,140709,220.4554738
2015,"PACA",93,"06","Alpes-Maritimes",52,40,163,3.1346,20816.15385,100,845745.1245,0.781332106,219.4147086,185568.92,1082440,171.4357563
2015,"PACA",93,"13","Bouches-du-Rhône",71,55,119,1.6761,28403.12676,100,4459680.804,2.21146095,57.14105013,254830.8444,2016622,126.365201
2015,"PACA",93,"83","Var",82,41,144,1.7561,12769.19512,99.8495211,0,0,,208155.3501,1047074,198.7971721
2015,"PACA",93,"84","Vaucluse",35,22,135,3.8571,14999.91429,94.16175827,1144733.684,2.180457571,83.70292397,95817.55648,524997,182.5106743
2015,"Pays de la Loire",52,"44","Loire-Atlantique",93,65,212,2.2796,14199.68602,96.65992535,6033763.667,4.56905731,46.60686318,281214.7977,1320570.8,212.9494289
2015,"Pays de la Loire",52,"49","Maine-et-Loire",79,55,336,4.2532,9946.177215,97.10062901,2716775.711,3.45756618,56.03519448,152235.0553,785748,193.7453933
2015,"Pays de la Loire",52,"53","Mayenne",50,49,261,5.22,6158.8,100,1316292.23,4.274508768,49.90359357,65687.71246,307940,213.3133482
2015,"Pays de la Loire",52,"72","Sarthe",54,41,336,6.2222,9740.296296,92.52891661,1292211.391,2.456787745,70.54543298,91159.61208,525976,173.3151552
2015,"Pays de la Loire",52,"85","Vendée",73,73,282,3.863,9106.819863,99.7125979,2968086.273,4.464644814,60.13997629,178500.6381,664797.85,268.5036332
2017,"Auvergne-Rhône-Alpes",84,"01","Ain",50,45,419,8.38,12867,100,2028794.083,3.153484235,60.77056833,123290.9694,643350,191.6390292
2017,"Auvergne-Rhône-Alpes",84,"03","Allier",36,27,320,8.8889,9388.555556,100,947211.8699,2.802501479,69.72950833,66048.61797,337988,195.4170502
2017,"Auvergne-Rhône-Alpes",84,"07","Ardèche",39,24,338,8.6667,8348.846154,99.96714889,770879.1828,2.367528701,84.34825731,65022.31567,325605,199.6969201
2017,"Auvergne-Rhône-Alpes",84,"15","Cantal",17,17,260,15.2941,8528.823529,99.89458672,196203.002,1.353217477,127.5648811,25028.61263,144990,172.6230266
2017,"Auvergne-Rhône-Alpes",84,"26","Drôme",49,48,363,7.4082,10435.22449,99.95562532,1199782.447,2.346413926,83.70337202,100425.8365,511326,196.4027578
2017,"Auvergne-Rhône-Alpes",84,"38","Isère",110,81,533,4.8455,11442.92727,100,2861109.221,2.273027103,94.94166761,271638.4806,1258722,215.8049836
2017,"Auvergne-Rhône-Alpes",84,"42","Loire",38,18,327,8.6053,20077.39474,100,1913527.349,2.508093481,69.22899542,132471.5761,762941,173.6327921
2017,"Auvergne-Rhône-Alpes",84,"43","Haute-Loire",28,26,260,9.2857,8117.25,100,555617.9377,2.44460843,68.75330805,38200.57123,227283,168.0749164
2017,"Auvergne-Rhône-Alpes",84,"63","Puy-de-Dôme",48,41,470,9.7917,13619.625,100,1165478.762,1.782780917,84.16854588,98096.65266,653742,150.0540774
2017,"Auvergne-Rhône-Alpes",84,"69","Rhône",55,44,293,5.3273,33514.89091,100,3179265.41,1.724750523,55.61849492,176825.9571,1843319,95.92802824
2017,"Auvergne-Rhône-Alpes",84,"73","Savoie",49,34,305,6.2245,8799.469388,100,1225305.853,2.841789749,73.69263422,90296.01606,431174,209.4189725
2017,"Auvergne-Rhône-Alpes",84,"74","Haute-Savoie",66,45,294,4.4545,12232.72727,100,2521980.273,3.123736961,68.57459639,172943.7793,807360,214.2090013
2017,"Bourgogne-Franche-Comté",27,"21","Cote-d'Or",73,64,707,9.6849,7312.589041,100,1182685.755,2.215518283,71.90028624,85035.44428,533819,159.2963987
2017,"Bourgogne-Franche-Comté",27,"25","Doubs",43,42,594,13.814,12536.44186,100,997655.7376,1.850708238,95.05370952,94830.87869,539067,175.9166833
2017,"Bourgogne-Franche-Comté",27,"39","Jura",35,34,493,14.0857,7161.2,96.33111442,803710.3451,3.206606814,52.13701585,41903.059,250642,167.1829103
2017,"Bourgogne-Franche-Comté",27,"58","Nièvre",25,22,297,11.88,7949.32,95.92194303,333452.1273,1.67789007,125.4658338,41836.84918,198733,210.5178766
2017,"Bourgogne-Franche-Comté",27,"70","Haute-Saône",30,30,545,18.1667,7888.633333,100,810393.2718,3.424307851,67.13563621,54406.26788,236659,229.8930862
2017,"Bourgogne-Franche-Comté",27,"71","Saône-et-Loire",66,63,573,8.6818,8387.80303,100,1822949.352,3.292929581,63.102965,115033.5091,553595,207.7936201
2017,"Bourgogne-Franche-Comté",27,"89","Yonne",45,40,454,10.0889,7517.577778,100,1262710.603,3.732616602,56.7253866,71627.74711,338291,211.7341198
2017,"Bourgogne-Franche-Comté",27,"90","Territoire-de-Belfort",7,6,102,14.5714,20374.57143,100,180621.1002,1.266432249,101.0295428,18248.06717,142622,127.9470711
2017,"Bretagne",53,"22","Cotes-d'Armor",57,57,373,6.5439,10505.50836,99.99999609,2788288.796,4.656352232,82.09917685,228916.215,598813.9766,382.2826854
2017,"Bretagne",53,"29","Finistère",69,57,283,4.1014,13174.31884,100,3710633.37,4.08197918,74.08656076,274908.0646,909028,302.4197985
2017,"Bretagne",53,"35","Ille-et-Vilaine",71,64,353,4.9718,14932.38028,100,2198179.832,2.073365314,90.23531015,198353.4389,1060199,187.0907621
2017,"Bretagne",53,"56","Morbihan",69,57,244,3.5362,10476.47826,96.27282207,3947881.024,5.461345463,49.03939736,193601.7063,722877,267.8210903
2017,"Centre-Val de Loire",24,"18","Cher",40,27,290,7.25,7606.4,100,912902.8718,3.000443284,75.60267472,69017.89887,304256,226.8415376
2017,"Centre-Val de Loire",24,"28","Eure-et-Loir",37,37,383,10.3514,11387.02703,97.25020947,921406.7695,2.186952363,96.50062868,88916.33253,421320,211.0422779
2017,"Centre-Val de Loire",24,"36","Indre",30,15,246,8.2,7400.333333,99.90010439,700115.3904,3.153530879,60.66700057,42473.90079,222010,191.3152596
2017,"Centre-Val de Loire",24,"37","Indre-et-Loire",47,38,277,5.8936,12904.48936,100,1121013.317,1.848298411,90.17318235,101085.3383,606511,166.6669496
2017,"Centre-Val de Loire",24,"41","Loir-et-Cher",47,41,291,6.1915,7062.021277,100,918300.3934,2.766673375,82.13393954,75423.62899,331915,227.2377837
2017,"Centre-Val de Loire",24,"45","Loiret",49,49,333,6.7959,13834.97959,99.97183327,2098536.277,3.095578904,67.36280494,141363.2899,677914,208.5268779
2017,"Corse",94,"2A","Corse-du-Sud",12,11,116,9.6667,12469.83333,95.15990563,66555.62988,0.444777596,338.5617765,22533.19229,149638,150.584693
2017,"Corse",94,"2B","Haute-Corse",15,13,225,15,11601,97.93234246,109529.6598,0.629426543,247.3663914,27093.9567,174015,155.6989725
2017,"Dom-Com",97,"971","Guadeloupe",11,9,32,2.9091,35477.54545,100,265940.1158,0.68145566,108.8779439,28955.013,390253,74.19549113
2017,"Dom-Com",97,"972","Martinique",11,1,34,3.0909,33872.18182,100,232738,0.624642372,118.0080391,27464.955,372594,73.71282146
2017,"Dom-Com",97,"973","Guyane",1,1,6,6,138920,51.70078154,0,0,,2794.49,138920,20.11582206
2017,"Dom-Com",97,"974","Réunion",37,37,24,0.6486,23071.86486,100,574320,0.672774492,238.9671838,137243.633,853659,160.7710257
2017,"Grand-Est",44,"08","Ardennes",39,33,462,11.8462,7005.974359,99.8735283,810551.0997,2.966519782,61.1591262,49572.597,273233,181.4297578
2017,"Grand-Est",44,"10","Aube",32,26,416,13,9439.8125,97.43693955,541412.3852,1.792317065,78.62338687,42567.67542,302074,140.918038
2017,"Grand-Est",44,"51","Marne",69,56,617,8.942,8220.478261,99.71152528,1400480.762,2.469056177,58.5947721,82060.85106,567213,144.673784
2017,"Grand-Est",44,"52","Haute-Marne",28,27,433,15.4643,6272.857143,100,456933.1612,2.60153246,66.32376306,30305.52672,175640,172.5434225
2017,"Grand-Est",44,"54","Meurthe-et-Moselle",37,23,568,15.3514,19383.13514,97.77703853,1020192.906,1.422514008,92.17872773,94040.08414,717176,131.1255314
2017,"Grand-Est",44,"55","Meuse",24,23,457,19.0417,7441.13625,95.40580809,399905.0191,2.239269457,76.32477084,30522.65894,178587.27,170.9117281
2017,"Grand-Est",44,"57","Moselle",76,54,729,9.5921,13728.15789,99.98255906,2745887.313,2.631824058,62.24431927,170915.8866,1043340,163.8160969
2017,"Grand-Est",44,"67","Bas-Rhin",63,53,527,8.3651,17858.21016,99.95630971,2918161.495,2.593766303,53.99559902,157567.878,1125067.24,140.0519652
2017,"Grand-Est",44,"68","Haut-Rhin",64,21,362,5.6563,11744.01563,98.37532558,1739780.443,2.314716728,67.49022882,117418.1802,751617,156.2207616
2017,"Grand-Est",44,"88","Vosges",38,36,506,13.3158,9639.447368,99.62629837,964379.5766,2.632766064,70.75113731,68230.95185,366299,186.2711933
2017,"Hauts-de-France",32,"02","Aisne",47,40,790,16.8085,11252.25532,98.93832163,1154371.642,2.182771192,88.34176025,101979.2228,528856,192.8298493
2017,"Hauts-de-France",32,"59","Nord",82,68,651,7.939,31735.26829,99.92055633,4207186.739,1.616723542,78.04636002,328355.6109,2602292,126.1793876
2017,"Hauts-de-France",32,"60","Oise",58,53,693,11.9483,14215.56897,100,1428217.732,1.732216538,105.4633063,150624.5641,824503,182.6852832
2017,"Hauts-de-France",32,"62","Pas-de-Calais",72,40,895,12.4306,20389.13889,100,2719971.424,1.852818851,115.8525865,315115.7245,1468018,214.6538561
2017,"Hauts-de-France",32,"80","Somme",40,33,782,19.55,14277.56075,99.76581599,1114576.816,1.951623313,94.22073851,105016.2508,571102.43,183.8833898
2017,"Ile-de-France",11,"75","Paris",9,0,20,2.2222,243058.4444,100,39336.52498,0.017982198,93.92425823,3694.65393,2187526,1.688964579
2017,"Ile-de-France",11,"77","Seine-et-Marne",56,37,514,9.1786,25071.375,100,1171485.957,0.83439349,111.4115084,130517.0175,1403997,92.96103729
2017,"Ile-de-France",11,"78","Yvelines",35,23,256,7.3143,40180.88571,97.77961796,994466.2924,0.707135299,110.5670488,109955.2031,1406331,78.18586315
2017,"Ile-de-France",11,"91","Essonne",33,21,195,5.9091,37736.27273,96.07809402,799737.2533,0.642206039,138.8008776,111004.2326,1245297,89.13876178
2017,"Ile-de-France",11,"92","Hauts-de-seine",7,3,36,5.1429,229900.8571,100,96350.73116,0.059870982,237.6721542,22899.88583,1609306,14.22966535
2017,"Ile-de-France",11,"93","Seine-Saint-Denis",22,8,40,1.8182,73777.77273,100,155940.9974,0.096075375,596.29336,92986.58129,1623111,57.28910795
2017,"Ile-de-France",11,"94","Val-de-Marne",18,3,47,2.6111,77107,100,112567.4975,0.081104827,375.0236886,42215.47813,1387926,30.41623122
2017,"Ile-de-France",11,"95","Val-d'Oise",19,5,179,9.4211,64510.52632,99.76249737,575245.2165,0.469319749,165.257184,95063.40459,1225700,77.55846014
2017,"Normandie",28,"14","Calvados",56,52,706,12.6071,12402.39286,100,1525404.579,2.196299359,108.8924413,166105.0285,694534,239.160399
2017,"Normandie",28,"27","Eure",54,40,671,12.4259,10884.05556,97.65653169,1613079.89,2.744551391,77.27384648,124648.8878,587739,212.0820429
2017,"Normandie",28,"50","Manche",51,41,599,11.7451,9719.490196,99.86763399,1401887.695,2.828131257,109.25971,153169.843,495694,309.0008009
2017,"Normandie",28,"61","Orne",44,34,505,11.4773,6440.272727,100,1091909.34,3.853271813,68.35925517,74642.1092,283372,263.4067911
2017,"Normandie",28,"76","Seine-Maritime",69,39,744,10.7826,18171.08406,99.95430405,2402228.312,1.915950802,110.4996367,265445.3559,1253804.8,211.7118677
2017,"Nouvelle-Aquitaine",75,"16","Charente",37,33,404,10.9189,9522.567568,100,1342750.604,3.811005447,58.38275418,78393.47845,352335,222.4969942
2017,"Nouvelle-Aquitaine",75,"17","Charente-Maritime",75,48,472,6.2933,8590.706667,100,2459687.781,3.817594797,67.09862823,165041.676,644303,256.155374
2017,"Nouvelle-Aquitaine",75,"19","Corrèze",36,28,286,7.9444,6707.333333,100,737739.3331,3.0552767,64.43076902,47533.11257,241464,196.8538274
2017,"Nouvelle-Aquitaine",75,"23","Creuse",18,16,260,14.4444,6591,100,264899.0475,2.232834736,77.86900696,20627.42577,118638,173.8686236
2017,"Nouvelle-Aquitaine",75,"24","Dordogne",52,50,557,10.7115,7953.961538,100,1130239.73,2.732648293,77.01349834,87043.71555,413606,210.4508048
2017,"Nouvelle-Aquitaine",75,"33","Gironde",85,40,542,6.3765,18628.04706,100,4157697.281,2.625830046,74.7490829,310784.0588,1583384,196.2783878
2017,"Nouvelle-Aquitaine",75,"40","Landes",76,51,331,4.3553,5361.105263,100,1970043.628,4.835127349,89.70204645,176716.945,407444,433.7208181
2017,"Nouvelle-Aquitaine",75,"47","Lot-et-Garonne",43,34,319,7.4186,7740.511628,100,838921.7739,2.52048051,77.70457393,65188.059,332842,195.8528641
2017,"Nouvelle-Aquitaine",75,"64","Pyrénées-Atlantiques",74,57,547,7.3919,9152.824324,100,2250154.03,3.322197151,55.57803367,125059.1364,677309,184.6411851
2017,"Nouvelle-Aquitaine",75,"79","Deux-Sèvres",57,57,305,5.3509,6567.561404,100,2178937,5.820572137,35.89163891,78205.62,374351,208.9098734
2017,"Nouvelle-Aquitaine",75,"86","Vienne",64,55,281,4.3906,6826.1875,100,1424764.221,3.261255415,65.26356228,92985.18845,436876,212.8411459
2017,"Nouvelle-Aquitaine",75,"87","Haute-Vienne",37,26,201,5.4324,10119.62162,100,767223.1922,2.049064948,88.92455166,68224.97839,374426,182.2121818
2017,"Occitanie",76,"09","Ariège",19,19,325,17.1053,8034.736842,99.67809968,386612.2913,2.532505511,90.40169375,34950.40596,152660,228.9427876
2017,"Occitanie",76,"11","Aude",61,39,410,6.7213,5772.836066,95.10695187,1136871.261,3.228436349,63.50347315,72195.27361,352143,205.016921
2017,"Occitanie",76,"12","Aveyron",51,39,281,5.5098,5341.640686,97.5708527,716901.3949,2.631567887,67.46041709,48362.46711,272423.675,177.5266673
2017,"Occitanie",76,"30","Gard",77,61,353,4.5844,9664.649351,100,2155426.29,2.896385395,70.70627504,152402.1641,744178,204.7926223
2017,"Occitanie",76,"31","Haute-Garonne",51,21,469,9.1961,26276,98.34178731,3220581.808,2.403282954,45.94649967,147974.461,1340076,110.4224395
2017,"Occitanie",76,"32","Gers",31,26,463,14.9355,5810.435484,94.26058789,483566.1501,2.684636653,63.82136697,30861.85272,180123.5,171.337181
2017,"Occitanie",76,"34","Hérault",89,67,343,3.8539,12863.95506,100,4464581.619,3.89956574,49.69769299,221879.4066,1144892,193.7994209
2017,"Occitanie",76,"46","Lot",28,28,340,12.1429,6208.142857,100,337634.0613,1.942345659,111.7463043,37729.35855,173828,217.0499491
2017,"Occitanie",76,"48","Lozère",24,24,185,7.7083,3191.708333,100,112742.9258,1.471820548,115.0607806,12972.28905,76601,169.3488212
2017,"Occitanie",76,"65","Hautes-Pyrénées",32,16,473,14.7813,7134.9375,99.90723319,673079.8735,2.947993034,64.04385283,43106.62836,228318,188.800832
2017,"Occitanie",76,"66","Pyrénées-Orientales",35,29,225,6.4286,13419.74286,98.99652652,1068940.115,2.275836911,108.5093107,115989.955,469691,246.9494945
2017,"Occitanie",76,"81","Tarn",34,32,323,9.5,11408.52941,100,1096427.409,2.826645207,62.97727869,69050.01451,387890,178.0144229
2017,"Occitanie",76,"82","Tarn-et-Garonne",25,22,195,7.8,10333.96,100,480791.5538,1.861015734,94.28116715,45329.58885,258349,175.4587355
2017,"PACA",93,"04","Alpes-de-Haute-Provence",33,16,200,6.0606,4967.121212,100,416153.4951,2.538837172,84.31488946,35087.93594,163915,214.0617756
2017,"PACA",93,"05","Hautes-Alpes",30,23,177,5.9,4709.466667,100,440169.6228,3.115495193,68.99654982,30370.18531,141284,214.9584193
2017,"PACA",93,"06","Alpes-Maritimes",52,40,163,3.1346,20832.88462,100,331976.5576,0.3064465,552.0224119,183258.5,1083310,169.1653359
2017,"PACA",93,"13","Bouches-du-Rhône",73,57,119,1.6301,27728.24658,100,4897879.593,2.419707312,60.20970802,294899.9002,2024162,145.6898708
2017,"PACA",93,"83","Var",78,40,153,1.9615,13573.58974,100,0,0,,229093.9736,1058740,216.3836009
2017,"PACA",93,"84","Vaucluse",37,25,151,4.0811,15121.05405,100,867868.3521,1.551208092,118.2893027,102659.5422,559479,183.4913235
2017,"Pays de la Loire",52,"44","Loire-Atlantique",90,62,221,2.4556,15437.11389,99.60977801,5077175.605,3.654378836,58.89971619,299044.2022,1389340.25,215.2418763
2017,"Pays de la Loire",52,"49","Maine-et-Loire",72,48,363,5.0417,11300.26389,100,2491742.049,3.062541618,65.80732621,163974.8819,813619,201.5376753
2017,"Pays de la Loire",52,"53","Mayenne",50,49,261,5.22,6148.9,100,1404112.781,4.567037295,52.9764883,74384.96432,307445,241.9455978
2017,"Pays de la Loire",52,"72","Sarthe",54,42,362,6.7037,10315.49074,98.32843783,1510327.392,2.711361629,71.8291061,108485.4665,557036.5,194.7546821
2017,"Pays de la Loire",52,"85","Vendée",75,75,282,3.76,9003.293333,100,2716979.185,4.023681979,71.90039803,195351.8849,675247,289.3043358
