"ANNEE","L_REGION","C_REGION","C_DEPT","N_DEPT","NB_DECHETTERIE","NB_DECHETTERIE_ADM_PROF","NB_COMM_DESS","NBRE_MOY_COMM_DESS","NBRE_MOY_POP_DESS","TX_COUV_POP","NB_VISITE_TOT","FREQ_HAB","APP_MOY_VISITE","VA_TONNE_COLLECTE_AVEC_GRAVAT","NB_POP_DESS","RATIO_HAB"
2009,"Auvergne-Rhône-Alpes",84,"01","Ain",52,46,416,8,11305.30769,99.83408423,1863574.586,3.170013041,79.17220208,147543.3038,587876,250.9769131
2009,"Auvergne-Rhône-Alpes",84,"03","Allier",35,23,222,6.3429,6605.457143,67.3935857,519726.8852,2.248041166,106.4957026,55348.67979,231191,239.4067234
2009,"Auvergne-Rhône-Alpes",84,"07","Ardèche",39,28,322,8.2564,7730.333333,96.14290543,503273.0632,1.669324848,105.5136913,53102.19861,301483,176.1366266
2009,"Auvergne-Rhône-Alpes",84,"15","Cantal",16,16,135,8.4375,6055.875,65.30125354,120624.8639,1.244915721,139.791433,16862.32258,96894,174.0285526
2009,"Auvergne-Rhône-Alpes",84,"26","Drôme",49,46,354,7.2245,9702.510204,98.43452371,914525.8561,1.923604571,118.5205848,108390.1393,475423,227.9867387
2009,"Auvergne-Rhône-Alpes",84,"38","Isère",107,102,521,4.8692,11144.42991,99.61705476,2778289.558,2.329892438,134.5382311,373786.1626,1192454,313.4596073
2009,"Auvergne-Rhône-Alpes",84,"42","Loire",35,31,327,9.3429,21317.56844,99.99998596,1833860.33,2.457879265,75.74366737,138903.3068,746114.8952,186.1687895
2009,"Auvergne-Rhône-Alpes",84,"43","Haute-Loire",25,23,180,7.2,7313.56,81.94575165,225244.8364,1.23192993,129.0633265,29070.84786,182839,158.9969747
2009,"Auvergne-Rhône-Alpes",84,"63","Puy-de-Dôme",47,36,358,7.617,12008.65957,89.67153679,991869.7811,1.757366193,145.1643489,143984.1309,564407,255.1069192
2009,"Auvergne-Rhône-Alpes",84,"69","Rhône",53,53,293,5.5283,32239.07024,99.99998378,2648768.689,1.550192588,81.10944053,214840.1465,1708670.723,125.7352535
2009,"Auvergne-Rhône-Alpes",84,"73","Savoie",54,50,305,5.6481,7611.240741,100,1787002.263,4.347863329,68.82770499,122995.2646,411007,299.2534546
2009,"Auvergne-Rhône-Alpes",84,"74","Haute-Savoie",66,44,291,4.4091,10962.24242,99.6850346,1884709.799,2.604960553,94.93889302,178932.262,723508,247.3120712
2009,"Bourgogne-Franche-Comté",27,"21","Cote-d'Or",72,61,692,9.6111,7245.194444,99.52493971,1139947.488,2.185255913,100.6186846,114700.0168,521654,219.8775755
2009,"Bourgogne-Franche-Comté",27,"25","Doubs",48,41,578,12.0417,10900.72917,99.61144237,1560141.018,2.981721441,64.3101723,100332.9377,523235,191.7550197
2009,"Bourgogne-Franche-Comté",27,"39","Jura",37,32,540,14.5946,7020.351351,99.416711,580032.8316,2.233016872,79.78298724,46276.752,259753,178.1567566
2009,"Bourgogne-Franche-Comté",27,"58","Nièvre",24,22,307,12.7917,9083.958333,99.00816988,485330.7229,2.226134545,100.4477641,48750.38595,218015,223.6102376
2009,"Bourgogne-Franche-Comté",27,"70","Haute-Saône",28,28,524,18.7143,8328.964286,97.49868308,603690.2658,2.588601163,97.15866781,58653.74199,233211,251.5050405
2009,"Bourgogne-Franche-Comté",27,"71","Saône-et-Loire",77,72,570,7.4026,7166.415584,99.4761321,1654968.984,2.999142798,82.07259902,135827.6058,551814,246.1474442
2009,"Bourgogne-Franche-Comté",27,"89","Yonne",40,37,434,10.85,8365.573006,97.45059227,557777.2013,1.666882833,109.1317239,60871.18751,334622.9202,181.9097971
2009,"Bourgogne-Franche-Comté",27,"90","Territoire-de-Belfort",6,3,77,12.8333,8868.166667,37.34987119,53960.53529,1.014124214,205.3789098,11082.35591,53209,208.2797254
2009,"Bretagne",53,"22","Cotes-d'Armor",54,54,361,6.6852,10588.96296,97.32519289,1889530.802,3.304507842,99.63525608,188263.8853,571804,329.245485
2009,"Bretagne",53,"29","Finistère",63,54,275,4.3651,13970.40079,98.45860452,2720578.72,3.091091647,122.5881397,333510.684,880135.25,378.9311745
2009,"Bretagne",53,"35","Ille-et-Vilaine",70,50,347,4.9571,13873.3,99.35362357,2768497.969,2.850797646,81.66316279,226084.3003,971131,232.8051522
2009,"Bretagne",53,"56","Morbihan",67,51,258,3.8507,10678.73134,99.90128208,1365471.438,1.90848239,151.2990047,206594.4695,715475,288.751486
2009,"Centre-Val de Loire",24,"18","Cher",38,28,250,6.5789,7529.289474,91.99124178,594936.4071,2.079375656,108.3307563,64449.91095,286113,225.2603375
2009,"Centre-Val de Loire",24,"28","Eure-et-Loir",36,36,367,10.1944,10656.16667,90.15750807,591789.7255,1.542637611,146.0416614,86425.95471,383622,225.2893596
2009,"Centre-Val de Loire",24,"36","Indre",33,15,214,6.4848,6648.939394,94.46630616,455411.1419,2.075569774,91.25020111,41556.35828,219415,189.3961592
2009,"Centre-Val de Loire",24,"37","Indre-et-Loire",47,35,270,5.7447,12175.55319,97.25213283,960252.2176,1.678026281,105.11304,100935.0298,572251,176.3824437
2009,"Centre-Val de Loire",24,"41","Loir-et-Cher",50,41,283,5.66,6448.4628,98.33931338,672944.7688,2.087147867,124.4966006,83779.33611,322423.14,259.8428144
2009,"Centre-Val de Loire",24,"45","Loiret",46,46,331,7.1957,14178.56522,99.80168628,1614886.37,2.476006909,96.52958101,155884.3047,652214,239.0079095
2009,"Corse",94,"2A","Corse-du-Sud",11,4,86,7.8182,11879.54545,92.4609071,141270.4094,1.081082145,132.1697071,18671.66863,130675,142.8863105
2009,"Corse",94,"2B","Haute-Corse",8,7,38,4.75,11478,55.87304678,51914.51618,0.565369796,455.4485165,23644.38938,91824,257.496835
2009,"Dom-Com",97,"971","Guadeloupe",5,4,14,2.8,54992.2,68.47422762,258747.4675,0.941033338,11.00196275,2846.73,274961,10.35321373
2009,"Dom-Com",97,"972","Martinique",5,2,27,5.4,67599.8,85.26629398,41762,0.123556579,158.9485657,6638.01,337999,19.63914094
2009,"Dom-Com",97,"973","Guyane",1,1,6,6,116124,51.73275597,12012,0.103441149,161.4874292,1939.787,116124,16.70444525
2009,"Dom-Com",97,"974","Réunion",28,28,21,0.75,28379.75,97.33807468,217471,0.273674766,159.0024847,34578.42935,794633,43.51496773
2009,"Grand-Est",44,"08","Ardennes",32,24,436,13.625,8589.96875,97.02890263,513302.1482,1.867374911,83.18947649,42701.33699,274879,155.3459413
2009,"Grand-Est",44,"10","Aube",31,26,348,11.2258,8998.548387,91.97390026,480669.1108,1.723106275,94.24516144,45300.73795,278955,162.394429
2009,"Grand-Est",44,"51","Marne",69,46,541,7.8406,7925.637681,96.59521854,810168.9688,1.481468083,114.2175197,92535.49013,546869,169.2096099
2009,"Grand-Est",44,"52","Haute-Marne",35,19,392,11.2,5071.657143,95.83940739,0,0,,28980.94615,177508,163.2655776
2009,"Grand-Est",44,"54","Meurthe-et-Moselle",37,24,524,14.1622,18660.79743,94.45028173,1295653.435,1.876536119,83.6965888,108441.7728,690449.505,157.0596719
2009,"Grand-Est",44,"55","Meuse",24,11,446,18.5833,7603.5,94.06246295,265654.432,1.455768352,94.93151951,25218.97889,182484,138.1983017
2009,"Grand-Est",44,"57","Moselle",72,51,730,10.1389,13602.88025,93.73234306,2676399.823,2.732672719,72.98008122,195323.8765,979407.378,199.430677
2009,"Grand-Est",44,"67","Bas-Rhin",64,48,523,8.1719,17045.04444,99.67507042,945957.744,0.867148795,200.7874656,189936.458,1090882.844,174.1126089
2009,"Grand-Est",44,"68","Haut-Rhin",67,21,273,4.0746,9485.41791,84.89328279,619911.6068,0.975435361,225.6221653,139865.799,635523,220.0798382
2009,"Grand-Est",44,"88","Vosges",40,26,415,10.375,6440.596588,67.76151615,878955.1292,3.411776833,76.25283253,67022.81827,257623.8635,260.1576475
2009,"Hauts-de-France",32,"02","Aisne",53,7,770,14.5283,9915.886792,97.34602775,0,0,,92233.693,525542,175.5020398
2009,"Hauts-de-France",32,"59","Nord",76,60,588,7.7368,32992.15947,97.49077039,2775324.456,1.106851677,136.3925017,378533.4454,2507404.12,150.9662692
2009,"Hauts-de-France",32,"60","Oise",52,3,679,13.0577,14819.23077,96.14328918,2068941.568,2.684845014,74.17601928,153465.8496,770600,199.1511155
2009,"Hauts-de-France",32,"62","Pas-de-Calais",74,47,840,11.3514,19348.78378,97.98481718,2096116.941,1.463963054,119.0398095,249521.3613,1431810,174.2698831
2009,"Hauts-de-France",32,"80","Somme",33,4,623,18.8788,15461.48485,89.54920802,589667.7432,1.155692333,202.5474803,119435.7156,510229,234.0825699
2009,"Ile-de-France",11,"75","Paris",5,0,20,4,446821,100,50728.6557,0.022706478,319.2798113,16196.63562,2234105,7.249719964
2009,"Ile-de-France",11,"77","Seine-et-Marne",50,31,500,10,26159.34,99.58527928,1192783.087,0.911936683,158.9655796,189611.4548,1307967,144.9665433
2009,"Ile-de-France",11,"78","Yvelines",34,20,207,6.0882,35298.20588,85.26378982,813726.6912,0.678027038,117.2380775,95399.75287,1200139,79.4905864
2009,"Ile-de-France",11,"91","Essonne",25,17,194,7.76,46693.92,96.63444823,541160.4751,0.463581104,198.2099144,107263.3714,1167348,91.88637102
2009,"Ile-de-France",11,"92","Hauts-de-seine",5,0,36,7.2,312349,100,70321.22807,0.045027343,360.4829537,25349.604,1561745,16.23158966
2009,"Ile-de-France",11,"93","Seine-Saint-Denis",18,7,40,2.2222,84221.27778,100,279083.1983,0.184093884,243.6142929,67988.65603,1515983,44.84790135
2009,"Ile-de-France",11,"94","Val-de-Marne",15,3,44,2.9333,83954.13333,95.50827925,100876.5119,0.080104463,517.8920346,52243.14197,1259312,41.48546347
2009,"Ile-de-France",11,"95","Val-d'Oise",16,5,184,11.5,72941,99.84292817,670819.1701,0.574796042,153.7277463,103123.5192,1167056,88.36210017
2009,"Normandie",28,"14","Calvados",55,49,654,11.8909,11975.6,96.73230451,1885556.783,2.862725092,87.47081331,164931.1854,658658,250.404892
2009,"Normandie",28,"27","Eure",53,40,645,12.1698,10657.25,96.91368033,1342778.921,2.377297271,125.4384484,168436.1044,564834.25,298.2044811
2009,"Normandie",28,"50","Manche",49,44,555,11.3265,9733.244898,95.81466645,1113165.537,2.334027784,129.4109152,144055.7709,476929,302.0486717
2009,"Normandie",28,"61","Orne",41,31,489,11.9268,6910.97561,96.96793402,0,0,,71803.8098,283350,253.4103046
2009,"Normandie",28,"76","Seine-Maritime",65,42,672,10.3385,18778,97.63622692,1710390.656,1.401304846,165.1570646,282483.1001,1220570,231.435395
2009,"Nouvelle-Aquitaine",75,"16","Charente",38,34,404,10.6316,9251.657895,100,0,0,,87329.26,351563,248.4028752
2009,"Nouvelle-Aquitaine",75,"17","Charente-Maritime",77,49,463,6.013,7932.506494,99.05871973,0,0,,187664.05,610803,307.2415329
2009,"Nouvelle-Aquitaine",75,"19","Corrèze",34,26,279,8.2059,7097.117647,99.15759887,522883.4593,2.16692551,87.95385978,45989.61846,241302,190.5894624
2009,"Nouvelle-Aquitaine",75,"23","Creuse",18,17,244,13.5556,6602.5,96.16536121,197837.8661,1.664671346,93.86897796,18570.83829,118845,156.2609979
2009,"Nouvelle-Aquitaine",75,"24","Dordogne",50,45,526,10.52,7888.554,95.7158284,768046.8168,1.947243606,160.8161853,123514.3592,394427.7,313.1482885
2009,"Nouvelle-Aquitaine",75,"33","Gironde",85,39,507,5.9647,16355.12494,96.89993803,3729457.906,2.682704994,90.63744378,338028.5312,1390185.62,243.1535231
2009,"Nouvelle-Aquitaine",75,"40","Landes",78,56,305,3.9103,4543.733974,93.42814249,880742.257,2.485085496,232.4835349,204758.0732,354411.25,577.7414607
2009,"Nouvelle-Aquitaine",75,"47","Lot-et-Garonne",42,25,318,7.5714,7507.297619,95.63523478,627078.2472,1.98878947,98.94613845,62046.97106,315306.5,196.7830383
2009,"Nouvelle-Aquitaine",75,"64","Pyrénées-Atlantiques",73,62,456,6.2466,8152.469178,91.50838156,1365838.714,2.295024852,92.97682085,126991.3414,595130.25,213.3841145
2009,"Nouvelle-Aquitaine",75,"79","Deux-Sèvres",90,86,304,3.3778,4067.011111,99.91592487,1797854.034,4.911753468,49.03280461,88153.82555,366031,240.8370481
2009,"Nouvelle-Aquitaine",75,"86","Vienne",85,69,268,3.1529,4903.6,97.8266278,0,0,,112286.827,416806,269.398298
2009,"Nouvelle-Aquitaine",75,"87","Haute-Vienne",35,25,201,5.7429,10709.97143,100,597460.9349,1.593870958,104.7918003,62609.007,374849,167.0246072
2009,"Occitanie",76,"09","Ariège",19,19,312,16.4211,7815.473684,98.26425882,219746.3811,1.479833402,169.9919575,37355.11749,148494,251.5597768
2009,"Occitanie",76,"11","Aude",63,41,413,6.5556,5450.40619,97.0042347,743225.4346,2.164467878,117.9157578,87637.99035,343375.59,255.2248701
2009,"Occitanie",76,"12","Aveyron",43,33,247,5.7442,5926.366279,91.9818046,530398.9928,2.081353011,82.72186636,43875.5946,254833.75,172.1734056
2009,"Occitanie",76,"30","Gard",78,57,327,4.1923,8469.974359,94.12651396,1340558.477,2.029126229,158.3554093,212284.6862,660658,321.3231145
2009,"Occitanie",76,"31","Haute-Garonne",49,16,442,9.0204,24093.85714,95.91971206,1410164.626,1.194448433,105.5247074,148807.2096,1180599,126.0438215
2009,"Occitanie",76,"32","Gers",30,25,440,14.6667,5964.6,95.59624107,353390.2396,1.974931203,110.8896108,39187.30612,178938,218.9993524
2009,"Occitanie",76,"34","Hérault",89,67,280,3.1461,10541.5618,90.91304626,1276604.205,1.360696617,242.8964989,310082.692,938199,330.5084443
2009,"Occitanie",76,"46","Lot",28,28,321,11.4643,5919.857143,95.50247174,311287.7163,1.877987622,127.0914297,39562.00092,165756,238.6761319
2009,"Occitanie",76,"48","Lozère",23,19,174,7.5652,3162.304348,94.25890647,88631.04996,1.218580974,157.3866652,13949.34539,72733,191.7883958
2009,"Occitanie",76,"65","Hautes-Pyrénées",32,18,474,14.8125,7177.1875,100,625189.1533,2.72211936,94.53051851,59099.45483,229670,257.3233545
2009,"Occitanie",76,"66","Pyrénées-Orientales",33,24,180,5.4545,12534.09091,92.76391038,814107.2782,1.968225514,129.7241627,105609.385,413625,255.3264068
2009,"Occitanie",76,"81","Tarn",28,20,289,10.3214,12253.10714,91.73007716,789670.2317,2.30166177,83.4980357,65935.9132,343087,192.1842367
2009,"Occitanie",76,"82","Tarn-et-Garonne",23,19,184,8,10212.91304,98.16374205,223573.6717,0.951794496,160.1782825,35811.64675,234897,152.4568077
2009,"PACA",93,"04","Alpes-de-Haute-Provence",27,18,162,6,5562.074074,94.18375666,336225.7144,2.238877813,108.9824926,36642.71644,150176,243.9984847
2009,"PACA",93,"05","Hautes-Alpes",29,22,168,5.7931,4594.310345,98.08519096,204084.6244,1.531764359,166.4003668,33959.75635,133235,254.8861512
2009,"PACA",93,"06","Alpes-Maritimes",55,45,143,2.6,18286.87273,93.20526365,609042.2773,0.605543447,321.9257879,196066.415,1005778,194.9400514
2009,"PACA",93,"13","Bouches-du-Rhône",74,60,118,1.5946,26537.40541,99.82051534,1020585.927,0.519707994,442.7345994,451848.7015,1963768,230.0927103
2009,"PACA",93,"83","Var",72,50,115,1.5972,12899,92.19946729,815051.6841,0.877599991,329.3803855,268462.0379,928728,289.0642232
2009,"PACA",93,"84","Vaucluse",35,24,137,3.9143,14929.77143,96.75539055,1014443.451,1.941362514,123.1421405,124920.738,522542,239.0635355
2009,"Pays de la Loire",52,"44","Loire-Atlantique",97,65,194,2,12517.80412,95.88339158,2968018.524,2.444368742,111.1083083,329771.5173,1214227,271.5896758
2009,"Pays de la Loire",52,"49","Maine-et-Loire",88,54,334,3.7955,8433.113636,95.13281937,2263787.091,3.05045733,79.29940452,179516.9683,742114,241.8994497
2009,"Pays de la Loire",52,"53","Mayenne",51,46,257,5.0392,5895.960784,98.54070333,938184.8497,3.120065082,77.16954111,72399.29433,300694,240.7739906
2009,"Pays de la Loire",52,"72","Sarthe",54,42,338,6.2593,9896.12963,95.24837358,2592009.43,4.850398733,40.35537203,104601.5048,534391,195.7396454
2009,"Pays de la Loire",52,"85","Vendée",79,71,199,2.519,6595.037975,83.17350749,0,0,,199438.8265,521008,382.7941731
2011,"Auvergne-Rhône-Alpes",84,"01","Ain",51,45,418,8.1961,11833.41176,99.94650786,1860082.106,3.082137162,85.00635824,158118.8059,603504,262.0012557
2011,"Auvergne-Rhône-Alpes",84,"03","Allier",34,22,297,8.7353,9748.823529,96.71197944,844159.2023,2.54679057,73.78926025,62289.88307,331460,187.9257922
2011,"Auvergne-Rhône-Alpes",84,"07","Ardèche",40,27,329,8.225,7723.675,97.37453392,556720.457,1.801993407,105.4072176,58682.35438,308947,189.9431112
2011,"Auvergne-Rhône-Alpes",84,"15","Cantal",16,16,232,14.5,8747.375,94.83727139,172109.9618,1.229725787,132.2779681,22766.35604,139958,162.6656285
2011,"Auvergne-Rhône-Alpes",84,"26","Drôme",48,45,347,7.2292,10035.3125,98.70940772,876737.8293,1.820109881,135.7989971,119060.1179,481695,247.1690965
2011,"Auvergne-Rhône-Alpes",84,"38","Isère",106,101,522,4.9245,11439.10377,99.78053212,2979065.59,2.456870128,120.6606893,359456.1076,1212545,296.4476432
2011,"Auvergne-Rhône-Alpes",84,"42","Loire",37,33,327,8.8378,20244.67278,99.99998568,1733597.902,2.3143865,86.02051319,149124.9812,749052.8927,199.0847144
2011,"Auvergne-Rhône-Alpes",84,"43","Haute-Loire",26,24,258,9.9231,8615.037525,99.59270972,373736.5722,1.668534061,109.9994802,41110.82867,223990.9757,183.5378794
2011,"Auvergne-Rhône-Alpes",84,"63","Puy-de-Dôme",47,36,370,7.8723,11250.55319,83.2103533,807236.4687,1.526613289,162.3279982,131037.08,528776,247.8120793
2011,"Auvergne-Rhône-Alpes",84,"69","Rhône",53,53,293,5.5283,32910.10785,99.99998373,2882108.101,1.65236159,80.04114552,230687.2339,1744235.716,132.2569145
2011,"Auvergne-Rhône-Alpes",84,"73","Savoie",54,50,304,5.6296,7747.388889,99.8591714,1799593.266,4.301552652,68.21719229,122763.1999,418359,293.4398444
2011,"Auvergne-Rhône-Alpes",84,"74","Haute-Savoie",67,45,291,4.3433,11113.70149,99.68192516,2432473.222,3.266739753,81.08015147,197225.2973,744618,264.867754
2011,"Bourgogne-Franche-Comté",27,"21","Cote-d'Or",72,61,689,9.5694,7264.597222,99.45239965,1693554.321,3.237837841,69.43609784,117593.8035,523051,224.8228251
2011,"Bourgogne-Franche-Comté",27,"25","Doubs",42,41,563,13.4048,12452.5,98.84748338,1327267.769,2.53777262,80.44311972,106769.56,523005,204.1463467
2011,"Bourgogne-Franche-Comté",27,"39","Jura",37,32,542,14.6486,7029.081081,99.53385841,621930.5544,2.391341586,84.83274358,52760.07525,260076,202.8640676
2011,"Bourgogne-Franche-Comté",27,"58","Nièvre",24,22,306,12.75,8854.291667,97.32620076,479519.5362,2.256530666,107.0649427,51339.73166,212503,241.5953265
2011,"Bourgogne-Franche-Comté",27,"70","Haute-Saône",28,28,524,18.7143,8345.178571,97.48430297,719217.2701,3.077984594,87.63841537,63031.06186,233665,269.7496923
2011,"Bourgogne-Franche-Comté",27,"71","Saône-et-Loire",72,70,570,7.9167,7681.375,99.47122207,1616220.027,2.922328408,82.80176065,133825.8638,553059,241.9739374
2011,"Bourgogne-Franche-Comté",27,"89","Yonne",43,40,434,10.093,7764.812089,97.49576445,629560.5483,1.8855502,125.3611479,78922.43301,333886.9198,236.3747375
2011,"Bourgogne-Franche-Comté",27,"90","Territoire-de-Belfort",9,5,99,11,15839.66667,99.448196,159062.2402,1.115779935,95.06740942,15121.63511,142557,106.0743079
2011,"Bretagne",53,"22","Cotes-d'Armor",55,54,373,6.7818,10806.81818,100,0,0,,212421.0885,594375,357.3856379
2011,"Bretagne",53,"29","Finistère",65,54,282,4.3385,13824.98846,99.86156334,1655836.517,1.842635025,201.6203542,333850.3451,898624.25,371.5127264
2011,"Bretagne",53,"35","Ille-et-Vilaine",70,50,353,5.0429,14234.84286,100,0,0,,215906.4833,996439,216.6780739
2011,"Bretagne",53,"56","Morbihan",67,51,259,3.8657,10846.47761,99.94924926,1992804.337,2.742212669,108.6488974,216515.994,726714,297.9383829
2011,"Centre-Val de Loire",24,"18","Cher",38,29,283,7.4474,8104.236842,98.80235102,742643.1087,2.411484275,90.41795044,67148.2678,307961,218.0414656
2011,"Centre-Val de Loire",24,"28","Eure-et-Loir",37,37,403,10.8919,11632.86486,100,726371.9863,1.687604518,150.1283612,109049.0359,430416,253.3573006
2011,"Centre-Val de Loire",24,"36","Indre",32,15,241,7.5313,7085.40625,98.50461605,502471.624,2.21613803,95.35503123,47913.1974,226733,211.3199111
2011,"Centre-Val de Loire",24,"37","Indre-et-Loire",48,36,276,5.75,12330.9375,99.69714477,907827.0317,1.533789557,123.0343862,111693.9416,591885,188.7088567
2011,"Centre-Val de Loire",24,"41","Loir-et-Cher",49,41,290,5.9184,6750.836735,99.85239073,834046.7294,2.521370682,105.0022582,87576.79004,330791,264.7496154
2011,"Centre-Val de Loire",24,"45","Loiret",47,47,333,7.0851,13958.34043,99.46254247,1763084.481,2.68745672,91.64533658,161578.4707,656042,246.2928756
2011,"Corse",94,"2A","Corse-du-Sud",11,4,16,1.4545,9064.636364,68.36731895,116896.4558,1.172352657,133.5796701,15614.99,99711,156.6024812
2011,"Corse",94,"2B","Haute-Corse",10,9,52,5.2,10586.7,62.77692125,84657.01488,0.799654424,338.9765519,28696.743,105867,271.0640993
2011,"Dom-Com",97,"971","Guadeloupe",5,4,22,4.4,63469.4,78.42796594,80947.54625,0.25507582,168.2965727,13623.1946,317347,42.92838628
2011,"Dom-Com",97,"972","Martinique",7,3,24,3.4286,48547.85714,86.62829379,119566,0.35183545,85.91713029,10272.7676,339835,30.22869216
2011,"Dom-Com",97,"973","Guyane",1,1,6,6,121308,51.0665168,0,0,,3561.44,121308,29.3586573
2011,"Dom-Com",97,"974","Réunion",33,33,23,0.697,24956.06061,99.39281736,329322,0.399881003,163.407915,53813.82139,823550,65.34372095
2011,"Grand-Est",44,"08","Ardennes",41,30,456,11.122,6246.091398,90.45591724,616205.9489,2.40621093,80.48519182,49595.454,256089.7473,193.6643482
2011,"Grand-Est",44,"10","Aube",31,26,367,11.8387,9088.580645,92.68051987,264534.2666,0.93891046,206.4489917,54612.83261,281746,193.8371179
2011,"Grand-Est",44,"51","Marne",67,48,525,7.8358,8045.328358,95.14023838,1235905.926,2.29280351,81.80270384,101100.4464,539037,187.5575265
2011,"Grand-Est",44,"52","Haute-Marne",21,21,422,20.0952,8620.333333,99.2608636,272907.9283,1.507553726,109.0483764,29760.16648,181027,164.3962861
2011,"Grand-Est",44,"54","Meurthe-et-Moselle",38,24,578,15.2105,18449.84342,95.6310324,1738090.024,2.479111075,69.01634888,119956.6274,701094.05,171.0991948
2011,"Grand-Est",44,"55","Meuse",24,11,438,18.25,7584.041667,94.03793198,294851.285,1.619910695,101.6497258,29971.55228,182017,164.663478
2011,"Grand-Est",44,"57","Moselle",71,51,728,10.2535,13951.90156,94.77958204,2610224.827,2.635033641,79.07836067,206412.3003,990585.0106,208.3741406
2011,"Grand-Est",44,"67","Bas-Rhin",63,48,515,8.1746,17290.81219,99.09505023,2767719.275,2.540774343,76.2500517,211038.7378,1089321.168,193.7341751
2011,"Grand-Est",44,"68","Haut-Rhin",61,21,274,4.4918,10605.19672,85.90556346,1746504.249,2.699734663,96.30824349,168202.7565,646917,260.0067033
2011,"Grand-Est",44,"88","Vosges",39,26,435,11.1538,9167.448718,94.37755721,0,0,,74005.4104,357530.5,206.9904817
2011,"Hauts-de-France",32,"02","Aisne",54,7,800,14.8148,9903.388889,98.79568152,1031706.16,1.92920523,102.6008588,105853.938,534783,197.9381133
2011,"Hauts-de-France",32,"59","Nord",76,62,627,8.25,33669.88158,99.213053,2992977.33,1.169629319,152.7475758,457170.0315,2558911,178.658043
2011,"Hauts-de-France",32,"60","Oise",55,3,687,12.4909,14409.83636,98.37384347,1195808.027,1.508827969,162.502965,194322.35,792541,245.1890186
2011,"Hauts-de-France",32,"62","Pas-de-Calais",73,48,860,11.7808,19873.76712,99.17815542,2543019.817,1.75285781,113.6558801,289029.1556,1450785,199.2225971
2011,"Hauts-de-France",32,"80","Somme",36,5,653,18.1389,14384.19444,90.65494187,874795.9123,1.689346355,141.6558983,123920.0008,517831,239.3058755
2011,"Ile-de-France",11,"75","Paris",6,0,20,3.3333,374995.8333,100,24479.27031,0.010879797,450.1299724,11018.85327,2249975,4.897322535
2011,"Ile-de-France",11,"77","Seine-et-Marne",51,31,513,10.0588,26243,99.9974597,1629353.007,1.217395045,125.0763797,203793.5753,1338393,152.2673649
2011,"Ile-de-France",11,"78","Yvelines",34,20,232,6.8235,37463.97059,90.10635702,791177.5125,0.621128153,149.9276068,118619.351,1273775,93.12425742
2011,"Ile-de-France",11,"91","Essonne",26,17,195,7.5,45468.65385,96.48985342,711555.9449,0.601898979,193.7875429,137890.6782,1182185,116.6405243
2011,"Ile-de-France",11,"92","Hauts-de-seine",6,0,36,6,263604.6667,100,93586.9163,0.059171257,339.9750004,31817.21191,1581628,20.116748
2011,"Ile-de-France",11,"93","Seine-Saint-Denis",21,9,40,1.9048,72853.71429,100,245158.7473,0.160242016,389.2004878,95415.90404,1529928,62.36627086
2011,"Ile-de-France",11,"94","Val-de-Marne",16,3,45,2.8125,80640.1875,96.74147598,425305.6268,0.329632191,152.0021176,64647.35588,1290243,50.10479102
2011,"Ile-de-France",11,"95","Val-d'Oise",17,5,179,10.5294,69167.64706,99.6174912,780679.6626,0.663927935,165.5802246,129265.1139,1175850,109.9333366
2011,"Normandie",28,"14","Calvados",53,51,677,12.7736,12710.5283,98.30663308,1191521.588,1.768733672,153.8661087,183334.7901,673658,272.1481674
2011,"Normandie",28,"27","Eure",52,41,674,12.9615,11255.35085,99.51832975,1414344.302,2.416533189,120.2370077,170056.5268,585278.2443,290.5567197
2011,"Normandie",28,"50","Manche",49,44,553,11.2857,9808.285714,96.21144634,1262983.733,2.627898389,119.4296973,150837.765,480606,313.8491093
2011,"Normandie",28,"61","Orne",42,32,502,11.9524,6851.952381,98.93121478,732356.5308,2.544830916,101.6226476,74424.00966,287782,258.6124555
2011,"Normandie",28,"76","Seine-Maritime",63,42,679,10.7778,19387.66667,97.61372736,2048193.209,1.676890978,153.9779309,315376.5524,1221423,258.2042031
2011,"Nouvelle-Aquitaine",75,"16","Charente",38,33,404,10.6316,9281.710526,100,1120000,3.175458244,80.12958036,89745.13,352705,254.4481365
2011,"Nouvelle-Aquitaine",75,"17","Charente-Maritime",74,49,463,6.2568,8375.054054,99.05255385,2384543.481,3.847564487,90.68137433,216233.68,619754,348.9024355
2011,"Nouvelle-Aquitaine",75,"19","Corrèze",34,26,279,8.2059,7070.647059,99.15365389,0,0,,43314.794,240402,180.1765127
2011,"Nouvelle-Aquitaine",75,"23","Creuse",18,17,230,12.7778,6232.833333,91.53965405,210178.9746,1.873403166,95.76440148,20127.66371,112191,179.405333
2011,"Nouvelle-Aquitaine",75,"24","Dordogne",52,47,529,10.1731,7699.940661,96.44214254,819380.9857,2.046421829,111.3070232,91202.85842,400396.9143,227.7811221
2011,"Nouvelle-Aquitaine",75,"33","Gironde",82,38,535,6.5244,17623.90573,98.73592879,3686676.246,2.551050096,92.80089124,342126.8413,1445160.27,236.7397225
2011,"Nouvelle-Aquitaine",75,"40","Landes",78,56,324,4.1538,4757.339744,95.6547461,1778282.524,4.792277853,130.0009274,231178.3772,371072.5,623.0005652
2011,"Nouvelle-Aquitaine",75,"47","Lot-et-Garonne",43,25,319,7.4186,7694.55814,100,673443.7405,2.035397232,99.91503457,67287.15461,330866,203.3667848
2011,"Nouvelle-Aquitaine",75,"64","Pyrénées-Atlantiques",75,66,498,6.64,8283.266667,94.61429041,1395788.366,2.246759919,97.6434375,136289.574,621245,219.3813617
2011,"Nouvelle-Aquitaine",75,"79","Deux-Sèvres",75,74,305,4.0667,4945.853333,100,1163405.987,3.13638088,86.31996542,100425.1646,370939,270.7322891
2011,"Nouvelle-Aquitaine",75,"86","Vienne",75,64,269,3.5867,5591.32,97.87651682,1153458.153,2.750592355,102.3526425,118059.49,419349,281.5303959
2011,"Nouvelle-Aquitaine",75,"87","Haute-Vienne",36,26,201,5.5833,10446.05556,100,652073.1885,1.733969729,99.98945693,65200.444,376058,173.3786916
2011,"Occitanie",76,"09","Ariège",21,20,325,15.4762,7226.285714,99.649344,290658.5564,1.915352393,124.1310076,36079.73946,151752,237.7546224
2011,"Occitanie",76,"11","Aude",59,42,385,6.5254,4130.857288,67.70636753,161573.0245,0.662943706,525.5454895,84913.97426,243720.58,348.4070744
2011,"Occitanie",76,"12","Aveyron",46,33,263,5.7174,5539.592543,92.38913938,547443.8882,2.148344666,85.33626944,46716.81915,254821.257,183.3317193
2011,"Occitanie",76,"30","Gard",78,57,324,4.1538,6207.358974,67.40019238,1008558.562,2.083049817,182.8707775,184435.8884,484174,380.9289395
2011,"Occitanie",76,"31","Haute-Garonne",52,16,509,9.7885,23681.88462,97.71723484,1692411.28,1.374315064,90.28043299,152791.6231,1231458,124.073759
2011,"Occitanie",76,"32","Gers",31,26,462,14.9032,6075.064516,99.70035946,318425.8697,1.69081369,117.2988249,37350.98034,188327,198.3304589
2011,"Occitanie",76,"34","Hérault",91,69,329,3.6154,11592.89011,99.33307346,1401928.011,1.328900918,231.9500203,325177.2306,1054953,308.2385951
2011,"Occitanie",76,"46","Lot",28,28,335,11.9643,6207.535714,99.46038431,236796.8762,1.362381416,164.9991976,39071.29457,173811,224.7918404
2011,"Occitanie",76,"48","Lozère",24,20,184,7.6667,3196.708333,99.43620716,0,0,,11638.138,76721,151.6942949
2011,"Occitanie",76,"65","Hautes-Pyrénées",32,16,435,13.5938,6844.868906,95.55368672,577985.5981,2.638772223,92.38467665,53397.01259,219035.805,243.7821186
2011,"Occitanie",76,"66","Pyrénées-Orientales",32,24,214,6.6875,14047.875,99.33750249,718034.1792,1.597292694,172.579971,123918.3178,449532,275.6607267
2011,"Occitanie",76,"81","Tarn",28,21,310,11.0714,13143.03571,97.43959754,871853.9674,2.3691362,82.65633839,72064.25656,368005,195.8241235
2011,"Occitanie",76,"82","Tarn-et-Garonne",25,19,184,7.36,9062.28,92.64429859,351962.2728,1.553526365,119.7653606,42152.8885,226557,186.0586453
2011,"PACA",93,"04","Alpes-de-Haute-Provence",30,17,192,6.4,5298.633333,98.75744755,323772.5717,2.036830703,140.2598801,45412.30209,158959,285.6856302
2011,"PACA",93,"05","Hautes-Alpes",29,22,168,5.7931,4688,98.08592764,0,0,,33704.0235,135952,247.9112003
2011,"PACA",93,"06","Alpes-Maritimes",51,43,148,2.902,20314.76471,95.82046236,0,0,,236690.0608,1036053,228.4536223
2011,"PACA",93,"13","Bouches-du-Rhône",74,61,119,1.6081,26701.2973,100,0,0,,480531.2481,1975896,243.1966299
2011,"PACA",93,"83","Var",79,50,137,1.7342,12378.89873,96.56356302,3285432.919,3.359568518,60.10043051,197455.9329,977933,201.9115142
2011,"PACA",93,"84","Vaucluse",36,25,137,3.8056,14690.61111,96.74953808,0,0,,149916.2435,528862,283.4694939
2011,"Pays de la Loire",52,"44","Loire-Atlantique",96,65,217,2.2604,13370.45833,99.012623,4403979.859,3.431055918,78.98580116,347851.8774,1283564,271.0047005
2011,"Pays de la Loire",52,"49","Maine-et-Loire",81,51,360,4.4444,9728.45679,99.70417907,2424349.984,3.076566753,76.80587275,186204.3164,788005,236.2983946
2011,"Pays de la Loire",52,"53","Mayenne",50,47,261,5.22,6140.62,100,1290528.095,4.203250145,57.99118936,74839.25915,307031,243.7514751
2011,"Pays de la Loire",52,"72","Sarthe",54,42,360,6.6667,10246.14815,97.80349927,1280921.304,2.315090955,92.1867763,118084.0057,553292,213.4207719
2011,"Pays de la Loire",52,"85","Vendée",79,71,272,3.443,7947.848101,97.85290272,0,0,,217540.0539,627880,346.4675638
2013,"Auvergne-Rhône-Alpes",84,"01","Ain",51,45,419,8.2157,12147,100,1981934.634,3.199264297,80.42255031,159392.2378,619497,257.2929939
2013,"Auvergne-Rhône-Alpes",84,"03","Allier",36,27,291,8.0833,9172.020833,96.14529556,835670.1279,2.530855471,87.1105374,72795.67393,330192.75,220.4641802
2013,"Auvergne-Rhône-Alpes",84,"07","Ardèche",39,27,339,8.6923,8214.846154,100,650435.0227,2.030204922,106.0971084,69009.27511,320379,215.3988717
2013,"Auvergne-Rhône-Alpes",84,"15","Cantal",15,15,211,14.0667,8881.733333,90.60835855,276285.377,2.073809744,93.12350481,25728.66263,133226,193.1204317
2013,"Auvergne-Rhône-Alpes",84,"26","Drôme",50,50,359,7.18,9883.68,99.89327124,1077052.636,2.179456713,118.6711243,127815.0473,494184,258.6385785
2013,"Auvergne-Rhône-Alpes",84,"38","Isère",109,107,530,4.8624,11327.34862,99.94285192,2503049.538,2.027284407,146.1322063,365776.1516,1234681,296.2515432
2013,"Auvergne-Rhône-Alpes",84,"42","Loire",39,18,327,8.3846,19402.94592,99.99998555,1405462.21,1.857320673,112.4352636,158023.5141,756714.8907,208.8283395
2013,"Auvergne-Rhône-Alpes",84,"43","Haute-Loire",27,25,258,9.5556,8343.332115,99.58752408,410848.8774,1.823806709,110.7233814,45490.57694,225269.9671,201.9380458
2013,"Auvergne-Rhône-Alpes",84,"63","Puy-de-Dôme",47,40,458,9.7447,13392.55319,98.19828112,985226.4,1.565217889,128.7480478,126845.9756,629450,201.5187475
2013,"Auvergne-Rhône-Alpes",84,"69","Rhône",53,53,288,5.434,33493.93792,99.73782602,2869873.541,1.616667395,77.905133,223577.8799,1775178.71,125.9466885
2013,"Auvergne-Rhône-Alpes",84,"73","Savoie",54,38,305,5.6481,7846.573726,99.99999557,1064693.819,2.512759441,119.8707288,127625.624,423714.9812,301.2063054
2013,"Auvergne-Rhône-Alpes",84,"74","Haute-Savoie",66,43,294,4.4545,11661.77273,100,6988922.395,9.080331613,29.47387879,205990.6516,769677,267.6325933
2013,"Bourgogne-Franche-Comté",27,"21","Cote-d'Or",73,63,704,9.6438,7236.164384,99.7128894,1047141.002,1.982320541,117.3177902,122848.2684,528240,232.5614653
2013,"Bourgogne-Franche-Comté",27,"25","Doubs",43,41,594,13.814,12402.7907,100,978315.9571,1.834388279,118.833552,116256.7601,533320,217.9868749
2013,"Bourgogne-Franche-Comté",27,"39","Jura",36,33,502,13.9444,7002.583333,96.77200175,686813.6288,2.724445458,76.65305374,52646.362,252093,208.8370641
2013,"Bourgogne-Franche-Comté",27,"58","Nièvre",24,22,309,12.875,8920.916667,99.48006932,435421.971,2.033712768,115.4097472,50251.9396,214102,234.7102764
2013,"Bourgogne-Franche-Comté",27,"70","Haute-Saône",29,29,531,18.3103,8109.586207,98.41895579,707906.0586,3.010086227,81.11151719,57419.33444,235178,244.1526607
2013,"Bourgogne-Franche-Comté",27,"71","Saône-et-Loire",71,68,562,7.9155,7709.507042,98.40944803,2713648.946,4.957568295,49.34592721,133907.5233,547375,244.6358042
2013,"Bourgogne-Franche-Comté",27,"89","Yonne",43,40,447,10.3953,7798.569419,98.2006381,703695.4122,2.098463027,123.1629886,86669.23006,335338.485,258.4529779
2013,"Bourgogne-Franche-Comté",27,"90","Territoire-de-Belfort",7,6,102,14.5714,20616.85714,100,220529.2777,1.52807881,113.865324,25110.63766,144318,173.9951888
2013,"Bretagne",53,"22","Cotes-d'Armor",56,54,373,6.6607,10662.23207,99.99999927,2954207.686,4.947717172,80.1743038,236851.5445,597084.9957,396.6797796
2013,"Bretagne",53,"29","Finistère",67,54,282,4.209,13488.83582,99.98130368,3292846.395,3.64352875,101.0598619,332774.602,903752,368.2145124
2013,"Bretagne",53,"35","Ille-et-Vilaine",71,50,353,4.9718,14365.11268,100,2881323.787,2.825040505,75.6784704,218054.1769,1019923,213.7947442
2013,"Bretagne",53,"56","Morbihan",68,51,244,3.5882,10592.45588,97.62923264,2379789.21,3.303945802,96.97867568,230788.806,720287,320.4122884
2013,"Centre-Val de Loire",24,"18","Cher",40,27,284,7.1,7680.157375,98.57413605,872658.3161,2.840626414,84.49382234,73734.23673,307206.295,240.0153836
2013,"Centre-Val de Loire",24,"28","Eure-et-Loir",37,37,350,9.4595,10373.27027,88.6467098,826716.5097,2.153967733,126.2589332,104380.3445,383811,271.9576681
2013,"Centre-Val de Loire",24,"36","Indre",32,16,246,7.6875,7120.90625,99.90267042,605769.9309,2.658413083,85.79648505,51972.93082,227869,228.0824984
2013,"Centre-Val de Loire",24,"37","Indre-et-Loire",47,39,260,5.5319,12387.42553,96.99409581,982906.6511,1.688236786,113.9456538,111997.941,582209,192.3672444
2013,"Centre-Val de Loire",24,"41","Loir-et-Cher",49,42,289,5.898,6761.061224,99.78644643,903510.9097,2.727234312,99.58026786,89971.85841,331292,271.5787233
2013,"Centre-Val de Loire",24,"45","Loiret",48,48,333,6.9375,13791.77083,99.46182843,1750010.436,2.64350033,96.38200668,168669.5175,662005,254.7858665
2013,"Corse",94,"2A","Corse-du-Sud",11,11,74,6.7273,11995.81818,88.42086924,138003.0285,1.045841949,130.118043,17956.684,131954,136.0829077
2013,"Corse",94,"2B","Haute-Corse",13,11,125,9.6154,11447.92308,87.04422895,96785.52048,0.650339803,335.6549393,32486.538,148823,218.289767
2013,"Dom-Com",97,"971","Guadeloupe",8,6,23,2.875,40344.125,80.26305646,426507.9886,1.321468704,48.99499317,20896.75599,322753,64.74535013
2013,"Dom-Com",97,"972","Martinique",11,1,32,2.9091,33784.63636,96.3895827,112236,0.302009251,94.25800991,10579.142,371631,28.46679098
2013,"Dom-Com",97,"973","Guyane",1,1,6,6,123085,50.42028855,0,0,,4107.82599,123085,33.37389601
2013,"Dom-Com",97,"974","Réunion",35,35,24,0.6857,23860.08571,100,417816,0.500316727,121.0298768,50568.219,835103,60.55327187
2013,"Grand-Est",44,"08","Ardennes",40,33,440,11,6559.325,93.40208681,559002.6729,2.130564779,95.47491557,53370.733,262373,203.4154924
2013,"Grand-Est",44,"10","Aube",39,34,374,9.5897,7584.666667,96.48412654,521846.0632,1.764173546,102.7967177,53644.06246,295802,181.35125
2013,"Grand-Est",44,"51","Marne",69,52,588,8.5217,8114.101449,98.22350565,1147163.128,2.048970262,85.59609691,98192.68624,559873,175.3838571
2013,"Grand-Est",44,"52","Haute-Marne",29,22,432,14.8966,6258.586207,99.98788019,368610.329,2.030922093,99.70805781,36753.41999,181499,202.4992975
2013,"Grand-Est",44,"54","Meurthe-et-Moselle",36,24,588,16.3333,20155.53,99.2606169,1113112.275,1.534059656,100.4549036,111817.5863,725599.08,154.1038149
2013,"Grand-Est",44,"55","Meuse",24,20,440,18.3333,7535.875,94.15234208,260012.3791,1.437636522,120.1163803,31231.74581,180861,172.6836953
2013,"Grand-Est",44,"57","Moselle",74,51,726,9.8108,13471.27076,95.22397046,2374393.872,2.381839416,93.37341961,221705.2753,996874.0363,222.4004912
2013,"Grand-Est",44,"67","Bas-Rhin",63,53,527,8.3651,17606.22779,99.97587574,2790848.057,2.516108279,76.88896443,214585.417,1109192.351,193.46096
2013,"Grand-Est",44,"68","Haut-Rhin",68,23,292,4.2941,9773.088235,87.5905963,1747924.454,2.630158529,93.64159888,163678.4406,664570,246.29225
2013,"Grand-Est",44,"88","Vosges",40,34,473,11.825,9135.5,97.38664165,879300.998,2.406274966,89.55896487,78749.28719,365420,215.5034951
2013,"Hauts-de-France",32,"02","Aisne",55,41,807,14.6727,9741.654545,99.20824638,1019497.797,1.902790075,107.9507084,110055.5094,535791,205.4075365
2013,"Hauts-de-France",32,"59","Nord",81,66,612,7.5556,31602.4321,98.62305898,3156210.383,1.232992453,153.3598274,484035.8796,2559797,189.0915098
2013,"Hauts-de-France",32,"60","Oise",56,48,651,11.625,14191.53571,97.46455727,1120120.098,1.409441868,156.1591121,174916.96,794726,220.0971907
2013,"Hauts-de-France",32,"62","Pas-de-Calais",74,35,826,11.1622,19475.31081,98.35981996,2348063.431,1.629272426,123.956218,291057.0625,1441173,201.9584481
2013,"Hauts-de-France",32,"80","Somme",39,30,741,19,14222.69231,97.02803166,2323193.031,4.188310539,53.25653134,123725.2025,554685,223.0548915
2013,"Ile-de-France",11,"75","Paris",7,0,20,2.8571,318517.2857,100,42857.88901,0.019222051,214.6394513,9198.99378,2229621,4.125810521
2013,"Ile-de-France",11,"77","Seine-et-Marne",53,31,352,6.6415,20016.92453,77.71000586,1206423.693,1.137173253,155.8749034,188051.1766,1060897,177.256771
2013,"Ile-de-France",11,"78","Yvelines",37,22,248,6.7027,36119.27027,94.21417513,832462.1125,0.622907823,150.7414525,125486.548,1336413,93.89803001
2013,"Ile-de-France",11,"91","Essonne",27,18,193,7.1481,44421.59259,95.64984038,761267.766,0.634716155,181.2196224,137956.6571,1199383,115.0230219
2013,"Ile-de-France",11,"92","Hauts-de-seine",7,4,36,5.1429,227343.2857,100,173941.6068,0.109300791,200.2491743,34831.66315,1591403,21.88739317
2013,"Ile-de-France",11,"93","Seine-Saint-Denis",22,8,40,1.8182,70567.36364,100,134707.9852,0.086769434,874.2385424,117766.9126,1552482,75.85718392
2013,"Ile-de-France",11,"94","Val-de-Marne",17,3,45,2.6471,77010.17647,96.68893394,424720.3366,0.324418802,137.2957905,58312.31435,1309173,44.5413359
2013,"Ile-de-France",11,"95","Val-d'Oise",19,5,178,9.3684,62705.52632,99.72578454,615343.7563,0.516485793,190.4920804,117218.1123,1191405,98.3864532
2013,"Normandie",28,"14","Calvados",55,50,706,12.8364,12544.45455,100,1398943.636,2.027616167,145.4043829,203412.5362,689945,294.8242776
2013,"Normandie",28,"27","Eure",54,42,670,12.4074,10922.03704,99.11720666,1357849.16,2.302258702,127.811047,173548.1228,589790,294.2540951
2013,"Normandie",28,"50","Manche",50,44,535,10.7,9220.68,92.22173992,1267077.092,2.748337632,121.2745381,153664.189,461034,333.3033768
2013,"Normandie",28,"61","Orne",44,30,501,11.3864,6544.045455,99.68495541,868592.3538,3.016595079,95.27265043,82753.09569,287938,287.3990084
2013,"Normandie",28,"76","Seine-Maritime",66,39,686,10.3939,18566.80303,97.67258166,2076851.216,1.694822884,162.6393935,337777.8221,1225409,275.6449659
2013,"Nouvelle-Aquitaine",75,"16","Charente",39,34,404,10.359,9063.641026,100,1232612,3.487057332,77.77552871,95867.05,353482,271.2077277
2013,"Nouvelle-Aquitaine",75,"17","Charente-Maritime",75,48,472,6.2933,8445.56,100,2562414.005,4.045382433,75.36271642,193110.48,633417,304.8710091
2013,"Nouvelle-Aquitaine",75,"19","Corrèze",34,27,283,8.3235,7032.029412,99.29728675,594022.1571,2.484523157,67.27880315,39965.09978,239089,167.1557444
2013,"Nouvelle-Aquitaine",75,"23","Creuse",18,16,251,13.9444,6553.277778,97.59001258,232525.5408,1.971240353,82.90373671,19277.23621,117959,163.4231912
2013,"Nouvelle-Aquitaine",75,"24","Dordogne",52,50,480,9.2308,7394.865385,92.23427654,1006633.321,2.617807369,85.59288892,86160.65404,384533,224.0656954
2013,"Nouvelle-Aquitaine",75,"33","Gironde",85,39,542,6.3765,17711.96471,100,5187697.805,3.445791582,70.98971794,368273.2039,1505517,244.6157725
2013,"Nouvelle-Aquitaine",75,"40","Landes",78,51,324,4.1538,5046.294872,99.08993872,1865529.837,4.739526682,121.5820939,226815.0238,393611,576.2415781
2013,"Nouvelle-Aquitaine",75,"47","Lot-et-Garonne",43,33,317,7.3721,7736.651163,99.84873042,743625.4333,2.23528428,97.0349816,72157.68024,332676,216.900769
2013,"Nouvelle-Aquitaine",75,"64","Pyrénées-Atlantiques",77,63,546,7.0909,8622.493506,99.98117631,1627447.699,2.45122648,88.8075361,144529.6203,663932,217.6873841
2013,"Nouvelle-Aquitaine",75,"79","Deux-Sèvres",72,72,305,4.2361,5161.555556,100,1242298.163,3.342818064,80.56679971,100087.9873,371632,269.3201534
2013,"Nouvelle-Aquitaine",75,"86","Vienne",74,65,271,3.6622,5720.756757,98.16532482,1213874.49,2.867401994,93.45939872,113447.98,423336,267.9856662
2013,"Nouvelle-Aquitaine",75,"87","Haute-Vienne",37,26,201,5.4324,10158.27027,100,590416,1.570856924,114.586644,67653.788,375856,179.9992231
2013,"Occitanie",76,"09","Ariège",19,19,284,14.9474,6567.210526,81.72238087,273130.7564,2.18895114,135.3618446,36971.483,124777,296.300464
2013,"Occitanie",76,"11","Aude",65,39,417,6.4154,5485.107692,97.71292792,815164.7049,2.286371784,106.5171647,86829.03316,356532,243.53784
2013,"Occitanie",76,"12","Aveyron",47,36,216,4.5957,5154.361702,87.22366242,499218.5963,2.060715347,92.39352729,46124.567,242255,190.3967596
2013,"Occitanie",76,"30","Gard",81,61,284,3.5062,8485.358025,93.74155245,1461948.085,2.127045405,133.9881543,195883.7257,687314,284.998888
2013,"Occitanie",76,"31","Haute-Garonne",51,19,482,9.451,24667.88235,96.88116547,1850239.114,1.470705827,86.57650741,160187.2404,1258062,127.3285739
2013,"Occitanie",76,"32","Gers",32,26,351,10.9688,4959.6875,83.41041435,365297.7285,2.301668001,120.3016679,43945.92602,158710,276.8944995
2013,"Occitanie",76,"34","Hérault",93,67,331,3.5591,11557.63441,98.40057638,2160843.921,2.010349182,141.8701021,306559.1477,1074860,285.2084436
2013,"Occitanie",76,"46","Lot",28,28,335,11.9643,6170.785714,99.43829924,287425.7278,1.663516615,154.886158,44518.26668,172782,257.6556972
2013,"Occitanie",76,"48","Lozère",24,24,178,7.4167,3035.875,95.11010743,143117.9542,1.964260087,79.68538653,11404.4095,72861,156.5228243
2013,"Occitanie",76,"65","Hautes-Pyrénées",32,17,327,10.2188,5947.5625,83.15797752,476032.9465,2.501197688,101.7540084,48438.26044,190322,254.5068906
2013,"Occitanie",76,"66","Pyrénées-Orientales",35,25,193,5.5143,12780.37143,96.67347446,1131698.257,2.529991879,106.6953742,120746.969,447313,269.9384301
2013,"Occitanie",76,"81","Tarn",29,24,323,11.1379,13169.89655,100,848934.6591,2.222766809,93.50749722,79381.75527,381927,207.8453612
2013,"Occitanie",76,"82","Tarn-et-Garonne",24,21,163,6.7917,8437.375,80.88814502,330920.9418,1.634201701,119.2109902,39449.41316,202497,194.814803
2013,"PACA",93,"04","Alpes-de-Haute-Provence",33,16,196,5.9394,4882.121212,99.50221102,527290.9542,3.272862977,83.0703067,43802.22128,161110,271.8777312
2013,"PACA",93,"05","Hautes-Alpes",30,23,173,5.7667,4624.566667,99.61085304,378271.116,2.726533772,100.9864287,38200.24907,138737,275.3429083
2013,"PACA",93,"06","Alpes-Maritimes",51,40,159,3.1176,21098.27451,99.5596662,1249704.248,1.161422222,182.0058163,227453.4417,1076012,211.3855995
2013,"PACA",93,"13","Bouches-du-Rhône",74,58,119,1.6081,26934.82432,100,2020006.706,1.013460775,229.1115929,462806.9542,1993177,232.1956124
2013,"PACA",93,"83","Var",81,51,143,1.7654,12671.92593,99.79029402,1827425.415,1.780377168,142.5059841,260419.0572,1026426,253.7144005
2013,"PACA",93,"84","Vaucluse",36,25,137,3.8056,14768.13889,96.67314606,1067407.604,2.007714813,124.6371296,133038.6198,531653,250.2358114
2013,"Pays de la Loire",52,"44","Loire-Atlantique",97,68,221,2.2784,13697.1134,100,4152870.949,3.125702571,87.15093796,361926.5985,1328620,272.4079108
2013,"Pays de la Loire",52,"49","Maine-et-Loire",79,50,361,4.5696,10096.29114,99.6770771,2603100.712,3.263638247,79.62904428,207282.4218,797607,259.8803945
2013,"Pays de la Loire",52,"53","Mayenne",50,49,261,5.22,6150,100,1167741.853,3.797534481,69.07966692,80667.21824,307500,262.332417
2013,"Pays de la Loire",52,"72","Sarthe",54,41,352,6.5185,10192.45593,96.72386057,1329616.426,2.41575991,91.10222429,121131.0139,550392.62,220.0811011
2013,"Pays de la Loire",52,"85","Vendée",72,72,281,3.9028,9078.222222,99.71411398,2149222.582,3.288123259,115.7493119,248771.035,653632,380.5980047
2015,"Auvergne-Rhône-Alpes",84,"01","Ain",50,45,419,8.38,12637.54,100,1964929.456,3.1096708,81.95234165,161030.5701,631877,254.8448039
2015,"Auvergne-Rhône-Alpes",84,"03","Allier",36,27,314,8.7222,9428.388889,99.35863097,924907.3888,2.724948262,83.95950079,77654.76264,339422,228.7852957
2015,"Auvergne-Rhône-Alpes",84,"07","Ardèche",39,24,339,8.6923,8313.051282,100,625350.8375,1.92885095,133.0889194,83227.26718,324209,256.7086885
2015,"Auvergne-Rhône-Alpes",84,"15","Cantal",18,18,260,14.4444,8123.277778,100,168705.3412,1.153785357,181.8592731,30680.63071,146219,209.8265664
2015,"Auvergne-Rhône-Alpes",84,"26","Drôme",49,48,361,7.3673,9868.77551,95.82531602,1081534.036,2.236561482,120.3357526,130147.2122,483570,269.1383092
2015,"Auvergne-Rhône-Alpes",84,"38","Isère",110,81,533,4.8455,11373.27273,100,3322665.663,2.655880344,111.5650147,370693.2436,1251060,296.3033297
2015,"Auvergne-Rhône-Alpes",84,"42","Loire",37,18,327,8.8378,20524.61863,99.99998541,1853643.688,2.440896904,97.03735081,179872.6729,759410.8892,236.8581692
2015,"Auvergne-Rhône-Alpes",84,"43","Haute-Loire",27,25,259,9.5926,8378.555556,99.64190385,453485.8246,2.004614181,112.2650629,50910.61461,226221,225.048137
2015,"Auvergne-Rhône-Alpes",84,"63","Puy-de-Dôme",47,40,464,9.8723,13619.14894,98.85699018,1113464.847,1.739517023,117.8037009,131170.2797,640100,204.9215431
2015,"Auvergne-Rhône-Alpes",84,"69","Rhône",53,45,293,5.5283,34377.25859,99.99998383,3006496.672,1.650112738,77.71814712,233659.3507,1821994.705,128.2437045
2015,"Auvergne-Rhône-Alpes",84,"73","Savoie",53,35,305,5.7547,8079.320755,100,1327463.828,3.100073395,96.95354466,128702.3235,428204,300.5631043
2015,"Auvergne-Rhône-Alpes",84,"74","Haute-Savoie",66,44,294,4.4545,12026.33712,99.9748406,2777397.85,3.499135704,77.34670257,214822.5654,793738.25,270.6466085
2015,"Bourgogne-Franche-Comté",27,"21","Cote-d'Or",74,64,707,9.5541,7204.689189,100,1199817.176,2.250443454,103.8463706,124596.6592,533147,233.700385
2015,"Bourgogne-Franche-Comté",27,"25","Doubs",43,42,561,13.0465,12345.06977,98.86006194,1469088.034,2.76748845,81.51276733,119749.4311,530838,225.5856421
2015,"Bourgogne-Franche-Comté",27,"39","Jura",36,35,544,15.1111,7238.527778,100,647137.5515,2.483383866,74.5479997,48242.81,260587,185.1312997
2015,"Bourgogne-Franche-Comté",27,"58","Nièvre",24,22,309,12.875,8775.333333,99.46209391,441998.8824,2.098680404,107.9470673,47712.48313,210608,226.5463949
2015,"Bourgogne-Franche-Comté",27,"70","Haute-Saône",30,30,539,17.9667,7882.8,99.48591958,742569.9749,3.140043195,77.65639065,57665.30406,236484,243.844421
2015,"Bourgogne-Franche-Comté",27,"71","Saône-et-Loire",67,64,543,8.1045,8106.80597,97.7940541,1783586.554,3.283746389,77.06186553,137446.5072,543156,253.0516227
2015,"Bourgogne-Franche-Comté",27,"89","Yonne",45,40,454,10.0889,7575.622222,100,684224.755,2.007095141,136.392182,93322.90731,340903,273.7520858
2015,"Bourgogne-Franche-Comté",27,"90","Territoire-de-Belfort",7,6,102,14.5714,20640.42857,100,242890.2706,1.681099303,100.2559139,24351.18605,144483,168.5401469
2015,"Bretagne",53,"22","Cotes-d'Armor",55,55,373,6.7818,10879.21818,100,2672766.246,4.466842113,95.48041569,255196.8322,598357,426.4959417
2015,"Bretagne",53,"29","Finistère",69,57,283,4.1014,13156.46377,100,3635225.368,4.004451846,91.6434158,333144.4699,907796,366.9816456
2015,"Bretagne",53,"35","Ille-et-Vilaine",70,62,353,5.0429,14898.34286,100,3549976.279,3.403999178,67.00580032,237869.0017,1042884,228.0876892
2015,"Bretagne",53,"56","Morbihan",69,56,259,3.7536,10789.31884,99.95300834,2992786.819,4.020061197,79.841052,238947.248,744463,320.9659151
2015,"Centre-Val de Loire",24,"18","Cher",40,27,287,7.175,7661.297625,99.1779415,885241.3761,2.888679632,85.79953269,75953.29639,306451.905,247.8473625
2015,"Centre-Val de Loire",24,"28","Eure-et-Loir",36,36,395,10.9722,11988.16667,99.43299503,855557.3411,1.982411686,133.8083531,114480.7188,431574,265.263243
2015,"Centre-Val de Loire",24,"36","Indre",32,17,246,7.6875,6999.3125,99.90098127,599482.5226,2.676524134,74.41192935,44608.65112,223978,199.1653248
2015,"Centre-Val de Loire",24,"37","Indre-et-Loire",47,39,277,5.8936,12871.61702,100,989741.5904,1.636028455,127.5247148,126216.5141,604966,208.6340622
2015,"Centre-Val de Loire",24,"41","Loir-et-Cher",49,42,277,5.6531,6566.306122,96.60681579,883869.3809,2.747077321,100.7272042,89029.69165,321749,276.7054184
2015,"Centre-Val de Loire",24,"45","Loiret",49,49,333,6.7959,13668,99.46283428,1879840.778,2.806855247,90.26226892,169678.6938,669732,253.3531231
2015,"Corse",94,"2A","Corse-du-Sud",11,11,111,10.0909,13314.81818,95.89668042,111214.1436,0.759332689,224.2216602,24936.61991,146463,170.2588361
2015,"Corse",94,"2B","Haute-Corse",12,12,218,18.1667,14139.75,97.20657909,145006.0993,0.854600796,143.9760272,20877.4021,169677,123.0420275
2015,"Dom-Com",97,"971","Guadeloupe",10,9,26,2.6,28368,71.27817282,130140.3645,0.45875763,147.5534672,19202.662,283680,67.69127891
2015,"Dom-Com",97,"972","Martinique",11,1,32,2.9091,30440.30909,87.91378844,209542,0.625791041,109.5811723,22961.858,334843.4,68.57491592
2015,"Dom-Com",97,"973","Guyane",1,1,6,6,131922,50.76558982,0,0,,5127.22,131922,38.86554176
2015,"Dom-Com",97,"974","Réunion",36,36,24,0.6667,23631.30556,100,543051,0.638337563,136.565457,74162.008,850727,87.17486103
2015,"Grand-Est",44,"08","Ardennes",39,33,461,11.8205,7093.128205,99.59676258,502087.37,1.815001048,114.3150265,57396.131,276632,207.4818929
2015,"Grand-Est",44,"10","Aube",39,34,349,8.9487,6999.641026,88.32897598,557308.4604,2.041527626,87.85819115,48964.11324,272986,179.3649244
2015,"Grand-Est",44,"51","Marne",68,55,620,9.1176,8415.367647,100,1229179.624,2.147995393,86.54142131,106374.9517,572245,185.8905743
2015,"Grand-Est",44,"52","Haute-Marne",29,27,432,14.8966,6171.862069,99.90510957,364963.9745,2.03908715,103.8755909,37910.8485,178984,211.8113826
2015,"Grand-Est",44,"54","Meurthe-et-Moselle",36,23,487,13.5278,18153.44444,88.98710926,867840.8511,1.327940291,112.7121142,97816.17709,653524,149.6749578
2015,"Grand-Est",44,"55","Meuse",24,23,455,18.9583,7556.161458,95.13281242,389706.5937,2.148944914,83.24295054,32440.3267,181347.875,178.8845152
2015,"Grand-Est",44,"57","Moselle",75,53,728,9.7067,13922.64,99.97242663,2763453.573,2.646484261,84.55134284,233653.7104,1044198,223.7637981
2015,"Grand-Est",44,"67","Bas-Rhin",63,53,527,8.3651,17724.73016,100,3039514.484,2.721974395,70.20587252,213391.7664,1116658,191.0985874
2015,"Grand-Est",44,"68","Haut-Rhin",66,20,283,4.2879,10642.15152,92.10274755,1590766.616,2.264816888,88.10445848,140153.6312,702382,199.5404655
2015,"Grand-Est",44,"88","Vosges",40,36,500,12.5,9074.825,97.57456668,0,0,,83081.87654,362993,228.8801066
2015,"Hauts-de-France",32,"02","Aisne",52,44,753,14.4808,9775.980769,94.36502589,1090173.711,2.14452949,98.80481214,107714.4087,508351,211.8898333
2015,"Hauts-de-France",32,"59","Nord",81,68,635,7.8395,31943.58025,99.316454,5800682.407,2.241870275,90.03971033,522291.7636,2587430,201.8573502
2015,"Hauts-de-France",32,"60","Oise",56,51,693,12.375,14670.57143,100,1305473.093,1.589032822,139.914457,182654.559,821552,222.3286645
2015,"Hauts-de-France",32,"62","Pas-de-Calais",73,39,845,11.5753,17547.0274,86.98161407,2483119.574,1.938524165,105.0900455,260951.1492,1280933,203.7195928
2015,"Hauts-de-France",32,"80","Somme",41,35,690,16.8293,12623.12195,90.49956372,851057.6508,1.644403323,139.7487903,118934.2772,517548,229.8033751
2015,"Ile-de-France",11,"75","Paris",8,0,20,2.5,275811,100,43460.46994,0.019696672,191.8023722,8335.82123,2206488,3.777868373
2015,"Ile-de-France",11,"77","Seine-et-Marne",54,36,353,6.537,20073.77778,77.97767245,1229586.287,1.134321435,143.0441784,175885.1602,1083984,162.2580777
2015,"Ile-de-France",11,"78","Yvelines",35,23,242,6.9143,39082.05714,95.83693865,882837.5383,0.645409467,166.9457323,147385.9593,1367872,107.7483561
2015,"Ile-de-France",11,"91","Essonne",28,18,196,7,45421.03071,99.65177675,808974.1228,0.636091531,158.2131772,127990.3662,1271788.86,100.6380621
2015,"Ile-de-France",11,"92","Hauts-de-seine",9,4,36,4,177952.1111,100,160109.6997,0.099970529,183.756916,29421.26464,1601569,18.37027605
2015,"Ile-de-France",11,"93","Seine-Saint-Denis",22,8,40,1.8182,72393.77273,100,180405.3787,0.113272788,693.9373445,125190.0294,1592663,78.60421785
2015,"Ile-de-France",11,"94","Val-de-Marne",18,3,45,2.5,73720.83333,96.69087992,427379.4095,0.322070431,158.0208441,67534.85504,1326975,50.89384129
2015,"Ile-de-France",11,"95","Val-d'Oise",20,5,178,8.9,60608.2,99.7345708,715395.817,0.590180716,184.7169697,132145.7475,1212164,109.0163934
2015,"Normandie",28,"14","Calvados",55,52,602,10.9455,11409.89091,90.47909467,1334827.279,2.127065638,143.3937413,191405.8775,627544,305.0078998
2015,"Normandie",28,"27","Eure",54,40,675,12.5,11147.18366,99.99998634,1278901.978,2.124605702,134.5673098,172098.3988,601947.9178,285.9024737
2015,"Normandie",28,"50","Manche",50,41,533,10.66,9372.48,93.85864242,1486214.763,3.171443978,113.0753658,168054.278,468624,358.612188
2015,"Normandie",28,"61","Orne",44,34,503,11.4318,6493.886364,99.69052886,869561.3565,3.043286716,99.66587603,86665.59436,285731,303.3118365
2015,"Normandie",28,"76","Seine-Maritime",66,40,679,10.2879,18581.71212,97.51085117,2468270.21,2.012625814,128.4684638,317094.8823,1226393,258.5589467
2015,"Nouvelle-Aquitaine",75,"16","Charente",37,33,404,10.9189,9557.108108,100,1319807,3.732348641,76.362059,100783.18,353613,285.0098271
2015,"Nouvelle-Aquitaine",75,"17","Charente-Maritime",75,48,472,6.2933,8532.506667,100,2085458.418,3.258844479,96.81067157,201894.63,639938,315.4909226
2015,"Nouvelle-Aquitaine",75,"19","Corrèze",36,28,277,7.6944,6632.194444,98.71336374,529606.5049,2.218163524,96.06379952,50876.01311,238759,213.0852161
2015,"Nouvelle-Aquitaine",75,"23","Creuse",18,16,245,13.6111,6346.5,94.90881901,208918.8873,1.828819798,109.8419586,22948.05978,114237,200.8811487
2015,"Nouvelle-Aquitaine",75,"24","Dordogne",52,50,535,10.2885,7788.211538,97.48926982,875072.3316,2.160741781,104.0371679,91040.04707,404987,224.7974554
2015,"Nouvelle-Aquitaine",75,"33","Gironde",84,40,486,5.7857,18060.30952,97.97142743,4275805.718,2.818470467,83.29089349,356135.6786,1517066,234.7529235
2015,"Nouvelle-Aquitaine",75,"40","Landes",78,51,321,4.1154,5039.884615,97.48954701,1737944.27,4.421001372,140.9958524,245042.9338,393111,623.342857
2015,"Nouvelle-Aquitaine",75,"47","Lot-et-Garonne",44,34,319,7.25,7577.659091,100,813990.7417,2.441359444,95.64691403,77855.70249,333417,233.5084968
2015,"Nouvelle-Aquitaine",75,"64","Pyrénées-Atlantiques",77,60,547,7.1039,8701.714286,100,1832288.056,2.734627684,85.69728169,157022.1057,670032,234.3501589
2015,"Nouvelle-Aquitaine",75,"79","Deux-Sèvres",65,65,303,4.6615,5743.138462,99.6979449,1289279,3.453697255,83.21987716,107293.64,373304,287.4162613
2015,"Nouvelle-Aquitaine",75,"86","Vienne",72,63,271,3.7639,5929.097222,98.16228124,1201478.131,2.814458195,93.06740348,111818.45,426895,261.9343164
2015,"Nouvelle-Aquitaine",75,"87","Haute-Vienne",37,26,192,5.1892,9912.648649,97.59789247,736453.7065,2.007955183,96.1504238,70810.33599,366768,193.0657418
2015,"Occitanie",76,"09","Ariège",19,19,322,16.9474,7465.789474,93.01700339,347277.196,2.448200183,121.6227572,42236.8101,141850,297.7568565
2015,"Occitanie",76,"11","Aude",60,38,367,6.1167,5535.883333,90.51550999,569116.7476,1.713417454,159.3236503,90673.75767,332153,272.9879232
2015,"Occitanie",76,"12","Aveyron",50,38,263,5.26,5078.64,90.95995616,592469.7259,2.333182608,93.81694552,55583.7,253932,218.8920656
2015,"Occitanie",76,"30","Gard",79,63,347,4.3924,9292.78481,99.45014082,1768159.164,2.408509616,136.8753084,242017.3309,734130,329.6654965
2015,"Occitanie",76,"31","Haute-Garonne",50,20,550,11,26524.98,99.33683019,2075615.221,1.565026794,94.80180797,196772.0756,1326249,148.3673696
2015,"Occitanie",76,"32","Gers",31,26,463,14.9355,5805.177419,94.25371336,441960.5219,2.455875161,95.50734112,42210.47433,179960.5,234.5541068
2015,"Occitanie",76,"34","Hérault",93,71,332,3.5699,11920.78495,98.96830002,3237896.334,2.920620561,99.05091257,320716.5867,1108633,289.2901318
2015,"Occitanie",76,"46","Lot",28,28,335,11.9643,6157.321429,99.42618224,316776.0667,1.837394894,150.788207,47766.09512,172405,277.0574816
2015,"Occitanie",76,"48","Lozère",24,24,177,7.375,3104.583333,97.64247992,72832.0238,0.977479852,177.4409701,12923.38496,74510,173.4449733
2015,"Occitanie",76,"65","Hautes-Pyrénées",32,16,463,14.4688,7100.40625,99.4010902,674822.0696,2.969997621,88.08951502,59444.74883,227213,261.6256501
2015,"Occitanie",76,"66","Pyrénées-Orientales",35,29,222,6.3429,13222.54286,98.24876125,903382.803,1.952040353,136.4699058,123284.566,462789,266.3947631
2015,"Occitanie",76,"81","Tarn",31,30,323,10.4194,12469.12903,100,1050695.294,2.718184765,84.64489468,88935.99248,386543,230.0804632
2015,"Occitanie",76,"82","Tarn-et-Garonne",25,22,195,7.8,10210.96,100,453557.5243,1.776747825,139.2104472,63139.94578,255274,247.3418593
2015,"PACA",93,"04","Alpes-de-Haute-Provence",34,16,193,5.6765,4721.441176,99.21507549,381636.3269,2.377366874,156.0727903,59563.04641,160529,371.0422815
2015,"PACA",93,"05","Hautes-Alpes",30,23,174,5.8,4690.3,99.85310398,425382.4781,3.023136247,94.12056823,40037.24056,140709,284.5393014
2015,"PACA",93,"06","Alpes-Maritimes",52,40,163,3.1346,20816.15385,100,845745.1245,0.781332106,307.5382908,260099.01,1082440,240.2895403
2015,"PACA",93,"13","Bouches-du-Rhône",71,55,119,1.6761,28403.12676,100,4459680.804,2.21146095,93.10730396,415228.8562,2016622,205.9031669
2015,"PACA",93,"83","Var",82,41,144,1.7561,12769.19512,99.8495211,0,0,,273905.6199,1047074,261.5914633
2015,"PACA",93,"84","Vaucluse",35,22,135,3.8571,14999.91429,94.16175827,1144733.684,2.180457571,120.2370407,137639.3905,524997,262.1717657
2015,"Pays de la Loire",52,"44","Loire-Atlantique",93,65,212,2.2796,14199.68602,96.65992535,6033763.667,4.56905731,64.70209984,390397.1792,1320570.8,295.6276023
2015,"Pays de la Loire",52,"49","Maine-et-Loire",79,55,336,4.2532,9946.177215,97.10062901,2716775.711,3.45756618,79.38423022,215669.1485,785748,274.4762296
2015,"Pays de la Loire",52,"53","Mayenne",50,49,261,5.22,6158.8,100,1316292.23,4.274508768,68.4900618,90152.93618,307940,292.7613697
2015,"Pays de la Loire",52,"72","Sarthe",54,41,336,6.2222,9740.296296,92.52891661,1292211.391,2.456787745,90.26130994,116636.6929,525976,221.7528801
2015,"Pays de la Loire",52,"85","Vendée",73,73,282,3.863,9106.819863,99.7125979,2968086.273,4.464644814,83.35641477,247409.0304,664797.85,372.1567849
2017,"Auvergne-Rhône-Alpes",84,"01","Ain",50,45,419,8.38,12867,100,2028794.083,3.153484235,79.9034464,162107.6392,643350,251.9742585
2017,"Auvergne-Rhône-Alpes",84,"03","Allier",36,27,320,8.8889,9388.555556,100,947211.8699,2.802501479,87.65473237,83027.60295,337988,245.6525171
2017,"Auvergne-Rhône-Alpes",84,"07","Ardèche",39,24,338,8.6667,8348.846154,99.96714889,770879.1828,2.367528701,112.9631179,87080.91599,325605,267.4434238
2017,"Auvergne-Rhône-Alpes",84,"15","Cantal",17,17,260,15.2941,8528.823529,99.89458672,196203.002,1.353217477,165.7190108,32514.56741,144990,224.2538617
2017,"Auvergne-Rhône-Alpes",84,"26","Drôme",49,48,363,7.4082,10435.22449,99.95562532,1199782.447,2.346413926,117.1697812,140578.2468,511326,274.9288064
2017,"Auvergne-Rhône-Alpes",84,"38","Isère",110,81,533,4.8455,11442.92727,100,2861109.221,2.273027103,127.8251278,365721.6519,1258722,290.5499799
2017,"Auvergne-Rhône-Alpes",84,"42","Loire",38,18,327,8.6053,20077.39474,100,1913527.349,2.508093481,88.15761896,168692.0149,762941,221.1075494
2017,"Auvergne-Rhône-Alpes",84,"43","Haute-Loire",28,26,260,9.2857,8117.25,100,555617.9377,2.44460843,91.83981372,51027.8479,227283,224.5123828
2017,"Auvergne-Rhône-Alpes",84,"63","Puy-de-Dôme",48,41,470,9.7917,13619.625,100,1165478.762,1.782780917,114.8257902,133827.0198,653742,204.7092275
2017,"Auvergne-Rhône-Alpes",84,"69","Rhône",55,44,293,5.3273,33514.89091,100,3179265.41,1.724750523,73.52632524,233759.7026,1843319,126.8145679
2017,"Auvergne-Rhône-Alpes",84,"73","Savoie",49,34,305,6.2245,8799.469388,100,1225305.853,2.841789749,99.39508606,121789.3807,431174,282.4599367
2017,"Auvergne-Rhône-Alpes",84,"74","Haute-Savoie",66,45,294,4.4545,12232.72727,100,2521980.273,3.123736961,85.91863899,216685.1126,807360,268.3872283
2017,"Bourgogne-Franche-Comté",27,"21","Cote-d'Or",73,64,707,9.6849,7312.589041,100,1182685.755,2.215518283,100.1174716,118407.5074,533819,221.8120888
2017,"Bourgogne-Franche-Comté",27,"25","Doubs",43,42,594,13.814,12536.44186,100,997655.7376,1.850708238,124.5080517,124216.1721,539067,230.4280769
2017,"Bourgogne-Franche-Comté",27,"39","Jura",35,34,493,14.0857,7161.2,96.33111442,803710.3451,3.206606814,67.37458256,54149.649,250642,216.0437955
2017,"Bourgogne-Franche-Comté",27,"58","Nièvre",25,22,297,11.88,7949.32,95.92194303,333452.1273,1.67789007,141.8062042,47285.58044,198733,237.9352218
2017,"Bourgogne-Franche-Comté",27,"70","Haute-Saône",30,30,545,18.1667,7888.633333,100,810393.2718,3.424307851,82.94151078,67215.24229,236659,284.0172666
2017,"Bourgogne-Franche-Comté",27,"71","Saône-et-Loire",66,63,573,8.6818,8387.80303,100,1822949.352,3.292929581,77.93556402,142072.5859,553595,256.6363242
2017,"Bourgogne-Franche-Comté",27,"89","Yonne",45,40,454,10.0889,7517.577778,100,1262710.603,3.732616602,76.93755105,97149.86148,338291,287.1783804
2017,"Bourgogne-Franche-Comté",27,"90","Territoire-de-Belfort",7,6,102,14.5714,20374.57143,100,180621.1002,1.266432249,131.1095876,23681.15797,142622,166.04141
2017,"Bretagne",53,"22","Cotes-d'Armor",57,57,373,6.5439,10505.50836,99.99999609,2788288.796,4.656352232,106.1473601,295969.495,598813.9766,494.2594972
2017,"Bretagne",53,"29","Finistère",69,57,283,4.1014,13174.31884,100,3710633.37,4.08197918,93.93076837,348542.6436,909028,383.4234408
2017,"Bretagne",53,"35","Ille-et-Vilaine",71,64,353,4.9718,14932.38028,100,2198179.832,2.073365314,117.6298722,258571.6128,1060199,243.8896969
2017,"Bretagne",53,"56","Morbihan",69,57,244,3.5362,10476.47826,96.27282207,3947881.024,5.461345463,64.55717339,254864.0398,722877,352.569026
2017,"Centre-Val de Loire",24,"18","Cher",40,27,290,7.25,7606.4,100,912902.8718,3.000443284,90.26005449,82398.66295,304256,270.8201743
2017,"Centre-Val de Loire",24,"28","Eure-et-Loir",37,37,383,10.3514,11387.02703,97.25020947,921406.7695,2.186952363,127.9917909,117932.5026,421320,279.9119496
2017,"Centre-Val de Loire",24,"36","Indre",30,15,246,8.2,7400.333333,99.90010439,700115.3904,3.153530879,75.85046635,53104.07886,222010,239.1967878
2017,"Centre-Val de Loire",24,"37","Indre-et-Loire",47,38,277,5.8936,12904.48936,100,1121013.317,1.848298411,118.2400893,132548.7147,606511,218.542969
2017,"Centre-Val de Loire",24,"41","Loir-et-Cher",47,41,291,6.1915,7062.021277,100,918300.3934,2.766673375,107.4391993,98661.45898,331915,297.2491722
2017,"Centre-Val de Loire",24,"45","Loiret",49,49,333,6.7959,13834.97959,99.97183327,2098536.277,3.095578904,86.44554636,181409.115,677914,267.5990097
2017,"Corse",94,"2A","Corse-du-Sud",12,11,116,9.6667,12469.83333,95.15990563,66555.62988,0.444777596,408.3113365,27175.41819,149638,181.6077346
2017,"Corse",94,"2B","Haute-Corse",15,13,225,15,11601,97.93234246,109529.6598,0.629426543,290.1599335,31781.11881,174015,182.6343638
2017,"Dom-Com",97,"971","Guadeloupe",11,9,32,2.9091,35477.54545,100,265940.1158,0.68145566,109.841469,29211.253,390253,74.85209082
2017,"Dom-Com",97,"972","Martinique",11,1,34,3.0909,33872.18182,100,232738,0.624642372,121.4909168,28275.553,372594,75.88837448
2017,"Dom-Com",97,"973","Guyane",1,1,6,6,138920,51.70078154,0,0,,2925.49,138920,21.05881083
2017,"Dom-Com",97,"974","Réunion",37,37,24,0.6486,23071.86486,100,574320,0.672774492,275.6469616,158309.563,853659,185.4482446
2017,"Grand-Est",44,"08","Ardennes",39,33,462,11.8462,7005.974359,99.8735283,810551.0997,2.966519782,76.03379605,61629.277,273233,225.5557601
2017,"Grand-Est",44,"10","Aube",32,26,416,13,9439.8125,97.43693955,541412.3852,1.792317065,103.3175319,55937.39136,302074,185.1777755
2017,"Grand-Est",44,"51","Marne",69,56,617,8.942,8220.478261,99.71152528,1400480.762,2.469056177,75.6372223,105928.4747,567213,186.752551
2017,"Grand-Est",44,"52","Haute-Marne",28,27,433,15.4643,6272.857143,100,456933.1612,2.60153246,86.98610822,39746.83741,175640,226.2971841
2017,"Grand-Est",44,"54","Meurthe-et-Moselle",37,23,568,15.3514,19383.13514,97.77703853,1020192.906,1.422514008,121.0415964,123485.778,717176,172.1833664
2017,"Grand-Est",44,"55","Meuse",24,23,457,19.0417,7441.13625,95.40580809,399905.0191,2.239269457,95.87802165,38342.10208,178587.27,214.6967255
2017,"Grand-Est",44,"57","Moselle",76,54,729,9.5921,13728.15789,99.98255906,2745887.313,2.631824058,85.2521726,234092.8592,1043340,224.3687189
2017,"Grand-Est",44,"67","Bas-Rhin",63,53,527,8.3651,17858.21016,99.95630971,2918161.495,2.593766303,70.76740222,206510.7083,1125067.24,183.5541032
2017,"Grand-Est",44,"68","Haut-Rhin",64,21,362,5.6563,11744.01563,98.37532558,1739780.443,2.314716728,93.06011059,161904.1604,751617,215.4077947
2017,"Grand-Est",44,"88","Vosges",38,36,506,13.3158,9639.447368,99.62629837,964379.5766,2.632766064,86.92960358,83833.1343,366299,228.8653103
2017,"Hauts-de-France",32,"02","Aisne",47,40,790,16.8085,11252.25532,98.93832163,1154371.642,2.182771192,112.9745051,130414.5649,528856,246.5974952
2017,"Hauts-de-France",32,"59","Nord",82,68,651,7.939,31735.26829,99.92055633,4207186.739,1.616723542,122.537336,515537.4551,2602292,198.1089959
2017,"Hauts-de-France",32,"60","Oise",58,53,693,11.9483,14215.56897,100,1428217.732,1.732216538,140.5733648,200769.3723,824503,243.5035073
2017,"Hauts-de-France",32,"62","Pas-de-Calais",72,40,895,12.4306,20389.13889,100,2719971.424,1.852818851,151.0506834,410853.5422,1468018,279.8695535
2017,"Hauts-de-France",32,"80","Somme",40,33,782,19.55,14277.56075,99.76581599,1114576.816,1.951623313,127.798182,142440.8908,571102.43,249.4139113
2017,"Ile-de-France",11,"75","Paris",9,0,20,2.2222,243058.4444,100,39336.52498,0.017982198,154.7191605,6086.11412,2187526,2.782190529
2017,"Ile-de-France",11,"77","Seine-et-Marne",56,37,514,9.1786,25071.375,100,1171485.957,0.83439349,150.6449294,176478.4192,1403997,125.6971484
2017,"Ile-de-France",11,"78","Yvelines",35,23,256,7.3143,40180.88571,97.77961796,994466.2924,0.707135299,157.8487799,156975.2909,1406331,111.6204442
2017,"Ile-de-France",11,"91","Essonne",33,21,195,5.9091,37736.27273,96.07809402,799737.2533,0.642206039,188.2183891,150525.2575,1245297,120.8749861
2017,"Ile-de-France",11,"92","Hauts-de-seine",7,3,36,5.1429,229900.8571,100,96350.73116,0.059870982,336.6801577,32439.37936,1609306,20.15737179
2017,"Ile-de-France",11,"93","Seine-Saint-Denis",22,8,40,1.8182,73777.77273,100,155940.9974,0.096075375,877.4808015,136835.2314,1623111,84.30429672
2017,"Ile-de-France",11,"94","Val-de-Marne",18,3,47,2.6111,77107,100,112567.4975,0.081104827,536.5352633,60396.43191,1387926,43.51559947
2017,"Ile-de-France",11,"95","Val-d'Oise",19,5,179,9.4211,64510.52632,99.76249737,575245.2165,0.469319749,251.4240093,144630.4587,1225700,117.998253
2017,"Normandie",28,"14","Calvados",56,52,706,12.6071,12402.39286,100,1525404.579,2.196299359,144.2774342,220081.4588,694534,316.8764363
2017,"Normandie",28,"27","Eure",54,40,671,12.4259,10884.05556,97.65653169,1613079.89,2.744551391,102.7421594,165731.3112,587739,281.9811365
2017,"Normandie",28,"50","Manche",51,41,599,11.7451,9719.490196,99.86763399,1401887.695,2.828131257,133.0042297,186456.993,495694,376.1534192
2017,"Normandie",28,"61","Orne",44,34,505,11.4773,6440.272727,100,1091909.34,3.853271813,82.09609203,89641.48967,283372,316.3385573
2017,"Normandie",28,"76","Seine-Maritime",69,39,744,10.7826,18171.08406,99.95430405,2402228.312,1.915950802,141.8191017,340681.8614,1253804.8,271.7184217
2017,"Nouvelle-Aquitaine",75,"16","Charente",37,33,404,10.9189,9522.567568,100,1342750.604,3.811005447,79.10017945,106211.8138,352335,301.4512148
2017,"Nouvelle-Aquitaine",75,"17","Charente-Maritime",75,48,472,6.2933,8590.706667,100,2459687.781,3.817594797,86.17528791,211964.3027,644303,328.9823308
2017,"Nouvelle-Aquitaine",75,"19","Corrèze",36,28,286,7.9444,6707.333333,100,737739.3331,3.0552767,77.25813848,56996.36756,241464,236.0449904
2017,"Nouvelle-Aquitaine",75,"23","Creuse",18,16,260,14.4444,6591,100,264899.0475,2.232834736,101.4194106,26865.90525,118638,226.4527828
2017,"Nouvelle-Aquitaine",75,"24","Dordogne",52,50,557,10.7115,7953.961538,100,1130239.73,2.732648293,101.1418545,114314.5423,413606,276.385116
2017,"Nouvelle-Aquitaine",75,"33","Gironde",85,40,542,6.3765,18628.04706,100,4157697.281,2.625830046,94.74701817,393929.4199,1583384,248.7895671
2017,"Nouvelle-Aquitaine",75,"40","Landes",76,51,331,4.3553,5361.105263,100,1970043.628,4.835127349,132.1354891,260312.6783,407444,638.8919171
2017,"Nouvelle-Aquitaine",75,"47","Lot-et-Garonne",43,34,319,7.4186,7740.511628,100,838921.7739,2.52048051,103.1522116,86536.63638,332842,259.993139
2017,"Nouvelle-Aquitaine",75,"64","Pyrénées-Atlantiques",74,57,547,7.3919,9152.824324,100,2250154.03,3.322197151,70.82292133,159362.4818,677309,235.2877074
2017,"Nouvelle-Aquitaine",75,"79","Deux-Sèvres",57,57,305,5.3509,6567.561404,100,2178937,5.820572137,48.33490367,105318.71,374351,281.3367935
2017,"Nouvelle-Aquitaine",75,"86","Vienne",64,55,281,4.3906,6826.1875,100,1424764.221,3.261255415,85.353067,121607.996,436876,278.3581519
2017,"Nouvelle-Aquitaine",75,"87","Haute-Vienne",37,26,201,5.4324,10119.62162,100,767223.1922,2.049064948,107.1941801,82241.86107,374426,219.6478371
2017,"Occitanie",76,"09","Ariège",19,19,325,17.1053,8034.736842,99.67809968,386612.2913,2.532505511,114.1653413,44137.72419,152660,289.124356
2017,"Occitanie",76,"11","Aude",61,39,410,6.7213,5772.836066,95.10695187,1136871.261,3.228436349,85.3648682,97048.86538,352143,275.5950434
2017,"Occitanie",76,"12","Aveyron",51,39,281,5.5098,5341.640686,97.5708527,716901.3949,2.631567887,79.84101933,57238.13813,272423.675,210.1070626
2017,"Occitanie",76,"30","Gard",77,61,353,4.5844,9664.649351,100,2155426.29,2.896385395,109.8184042,236705.4755,744178,318.076422
2017,"Occitanie",76,"31","Haute-Garonne",51,21,469,9.1961,26276,98.34178731,3220581.808,2.403282954,63.8150272,205521.5157,1340076,153.3655671
2017,"Occitanie",76,"32","Gers",31,26,463,14.9355,5810.435484,94.26058789,483566.1501,2.684636653,86.49837051,41827.68402,180123.5,232.2166959
2017,"Occitanie",76,"34","Hérault",89,67,343,3.8539,12863.95506,100,4464581.619,3.89956574,69.78291017,311551.4981,1144892,272.1230457
2017,"Occitanie",76,"46","Lot",28,28,340,12.1429,6208.142857,100,337634.0613,1.942345659,153.9537169,51980.01869,173828,299.0313338
2017,"Occitanie",76,"48","Lozère",24,24,185,7.7083,3191.708333,100,112742.9258,1.471820548,121.1819981,13662.41302,76601,178.3581549
2017,"Occitanie",76,"65","Hautes-Pyrénées",32,16,473,14.7813,7134.9375,99.90723319,673079.8735,2.947993034,82.94829331,55830.82677,228318,244.5309909
2017,"Occitanie",76,"66","Pyrénées-Orientales",35,29,225,6.4286,13419.74286,98.99652652,1068940.115,2.275836911,134.0646338,143307.065,469691,305.109242
2017,"Occitanie",76,"81","Tarn",34,32,323,9.5,11408.52941,100,1096427.409,2.826645207,85.44939379,93689.05745,387890,241.5351194
2017,"Occitanie",76,"82","Tarn-et-Garonne",25,22,195,7.8,10333.96,100,480791.5538,1.861015734,130.2418452,62619.17914,258349,242.3821232
2017,"PACA",93,"04","Alpes-de-Haute-Provence",33,16,200,6.0606,4967.121212,100,416153.4951,2.538837172,137.9831997,57422.19084,163915,350.3168767
2017,"PACA",93,"05","Hautes-Alpes",30,23,177,5.9,4709.466667,100,440169.6228,3.115495193,87.78675226,38641.06163,141284,273.4992047
2017,"PACA",93,"06","Alpes-Maritimes",52,40,163,3.1346,20832.88462,100,331976.5576,0.3064465,775.0359901,257293.78,1083310,237.5070663
2017,"PACA",93,"13","Bouches-du-Rhône",73,57,119,1.6301,27728.24658,100,4897879.593,2.419707312,95.66647954,468562.8979,2024162,231.4848801
2017,"PACA",93,"83","Var",78,40,153,1.9615,13573.58974,100,0,0,,306368.0835,1058740,289.3704625
2017,"PACA",93,"84","Vaucluse",37,25,151,4.0811,15121.05405,100,867868.3521,1.551208092,165.9530503,144025.4003,559479,257.4277146
2017,"Pays de la Loire",52,"44","Loire-Atlantique",90,62,221,2.4556,15437.11389,99.60977801,5077175.605,3.654378836,80.53604909,408895.6638,1389340.25,294.3092333
2017,"Pays de la Loire",52,"49","Maine-et-Loire",72,48,363,5.0417,11300.26389,100,2491742.049,3.062541618,92.50788795,230505.7943,813619,283.3092569
2017,"Pays de la Loire",52,"53","Mayenne",50,49,261,5.22,6148.9,100,1404112.781,4.567037295,71.53776649,100447.0923,307445,326.7156475
2017,"Pays de la Loire",52,"72","Sarthe",54,42,362,6.7037,10315.49074,98.32843783,1510327.392,2.711361629,88.78511122,134094.5855,557036.5,240.7285438
2017,"Pays de la Loire",52,"85","Vendée",75,75,282,3.76,9003.293333,100,2716979.185,4.023681979,99.42666826,270140.1881,675247,400.0612933
