"ANNEE","C_REGION","L_REGION","C_DEPT","N_DEPT","TONNAGE_OMA_T","TONNAGE_OMA_KG","POPULATION","RATIO_OMA"
2009,84,"Auvergne-Rhône-Alpes","01","Ain",176873.6657,176873665.7,588853,300.369813
2009,84,"Auvergne-Rhône-Alpes","03","Allier",130239.3896,130239389.6,343046,379.655759
2009,84,"Auvergne-Rhône-Alpes","07","Ardèche",112149.3128,112149312.8,313578,357.644072
2009,84,"Auvergne-Rhône-Alpes","15","Cantal",66117.70164,66117701.64,148380,445.597126
2009,84,"Auvergne-Rhône-Alpes","26","Drôme",164654.1302,164654130.2,482984,340.910113
2009,84,"Auvergne-Rhône-Alpes","38","Isère",386953.7902,386953790.2,1197038,323.259403
2009,84,"Auvergne-Rhône-Alpes","42","Loire",252744.0965,252744096.5,746115,338.746837
2009,84,"Auvergne-Rhône-Alpes","43","Haute-Loire",72224.04738,72224047.38,223122,323.697561
2009,84,"Auvergne-Rhône-Alpes","63","Puy-de-Dôme",213916.5642,213916564.2,629416,339.865151
2009,84,"Auvergne-Rhône-Alpes","69","Rhône",533181.4862,533181486.2,1708671,312.044557
2009,84,"Auvergne-Rhône-Alpes","73","Savoie",179145.7826,179145782.6,411007,435.870393
2009,84,"Auvergne-Rhône-Alpes","74","Haute-Savoie",296022.2571,296022257.1,725794,407.859884
2009,27,"Bourgogne-Franche-Comté","21","Cote-d'Or",187407.5605,187407560.5,524144,357.549758
2009,27,"Bourgogne-Franche-Comté","25","Doubs",183721.9135,183721913.5,525276,349.762626
2009,27,"Bourgogne-Franche-Comté","39","Jura",82388.01594,82388015.94,261277,315.328237
2009,27,"Bourgogne-Franche-Comté","58","Nièvre",72492.87738,72492877.38,220199,329.215288
2009,27,"Bourgogne-Franche-Comté","70","Haute-Saône",84332.31859,84332318.59,239194,352.568704
2009,27,"Bourgogne-Franche-Comté","71","Saône-et-Loire",181037.753,181037753,554720,326.358799
2009,27,"Bourgogne-Franche-Comté","89","Yonne",130328.8857,130328885.7,343377,379.550423
2009,27,"Bourgogne-Franche-Comté","90","Territoire-de-Belfort",51432.97435,51432974.35,142461,361.031962
2009,53,"Bretagne","22","Cotes-d'Armor",213960.4235,213960423.5,587519,364.176177
2009,53,"Bretagne","29","Finistère",333523.4618,333523461.8,893914,373.10464
2009,53,"Bretagne","35","Ille-et-Vilaine",312121.6987,312121698.7,977449,319.322745
2009,53,"Bretagne","56","Morbihan",264930.8792,264930879.2,716182,369.921164
2009,24,"Centre-Val de Loire","18","Cher",109649.4775,109649477.5,311022,352.545728
2009,24,"Centre-Val de Loire","28","Eure-et-Loir",149659.6429,149659642.9,425502,351.724887
2009,24,"Centre-Val de Loire","36","Indre",70306.75073,70306750.73,232268,302.696672
2009,24,"Centre-Val de Loire","37","Indre-et-Loire",200514.9283,200514928.3,588420,340.768376
2009,24,"Centre-Val de Loire","41","Loir-et-Cher",108709.6991,108709699.1,327868,331.565444
2009,24,"Centre-Val de Loire","45","Loiret",214913.4146,214913414.6,653510,328.860177
2009,94,"Corse","2A","Corse-du-Sud",75302.24983,75302249.83,141330,532.811503
2009,94,"Corse","2B","Haute-Corse",76557.26632,76557266.32,164344,465.835481
2009,97,"Dom-Com","971","Guadeloupe",181427.0428,181427042.8,401554,451.812316
2009,97,"Dom-Com","972","Martinique",133647.462,133647462,396404,337.14963
2009,97,"Dom-Com","973","Guyane",75750.16318,75750163.18,224469,337.463806
2009,97,"Dom-Com","974","Réunion",270345.1995,270345199.4,816364,331.157669
2009,44,"Grand-Est","08","Ardennes",109125.0125,109125012.5,283296,385.197858
2009,44,"Grand-Est","10","Aube",115480.8689,115480868.9,303298,380.750512
2009,44,"Grand-Est","51","Marne",203987.285,203987285,566145,360.309258
2009,44,"Grand-Est","52","Haute-Marne",69024.06398,69024063.98,185214,372.671957
2009,44,"Grand-Est","54","Meurthe-et-Moselle",269950.2918,269950291.8,731019,369.279446
2009,44,"Grand-Est","55","Meuse",67225.18376,67225183.76,194003,346.516207
2009,44,"Grand-Est","57","Moselle",410153.8974,410153897.4,1044898,392.530081
2009,44,"Grand-Est","67","Bas-Rhin",375967.0827,375967082.7,1094439,343.524931
2009,44,"Grand-Est","68","Haut-Rhin",254753.8662,254753866.2,748614,340.300697
2009,44,"Grand-Est","88","Vosges",134308.799,134308799,380192,353.265715
2009,32,"Hauts-de-France","02","Aisne",196696.6169,196696616.9,539870,364.340705
2009,32,"Hauts-de-France","59","Nord",1011546.719,1011546719,2571940,393.301056
2009,32,"Hauts-de-France","60","Oise",307331.7,307331700,801512,383.439923
2009,32,"Hauts-de-France","62","Pas-de-Calais",612964.863,612964863,1461257,419.477794
2009,32,"Hauts-de-France","80","Somme",231773.5523,231773552.3,569775,406.780838
2009,11,"Ile-de-France","75","Paris",984912,984912000,2234105,440.853048
2009,11,"Ile-de-France","77","Seine-et-Marne",486977.9092,486977909.2,1313414,370.772588
2009,11,"Ile-de-France","78","Yvelines",478459.6874,478459687.4,1407560,339.921344
2009,11,"Ile-de-France","91","Essonne",417573.3778,417573377.8,1208004,345.672181
2009,11,"Ile-de-France","92","Hauts-de-seine",568107.0373,568107037.4,1561745,363.764274
2009,11,"Ile-de-France","93","Seine-Saint-Denis",544268.9461,544268946,1515983,359.020481
2009,11,"Ile-de-France","94","Val-de-Marne",454116.514,454116514,1318537,344.409382
2009,11,"Ile-de-France","95","Val-d'Oise",423569.9929,423569992.9,1168892,362.368801
2009,28,"Normandie","14","Calvados",270090.6344,270090634.4,680908,396.662448
2009,28,"Normandie","27","Eure",209079.2744,209079274.4,582822,358.736071
2009,28,"Normandie","50","Manche",189894.3827,189894382.7,497762,381.496343
2009,28,"Normandie","61","Orne",99663.07141,99663071.41,292210,341.0666
2009,28,"Normandie","76","Seine-Maritime",483331.4862,483331486.1,1250120,386.628072
2009,75,"Nouvelle-Aquitaine","16","Charente",114394.8,114394800,351563,325.38919
2009,75,"Nouvelle-Aquitaine","17","Charente-Maritime",269341.5696,269341569.6,616607,436.812377
2009,75,"Nouvelle-Aquitaine","19","Corrèze",89031.4647,89031464.7,243352,365.854666
2009,75,"Nouvelle-Aquitaine","23","Creuse",41710.19802,41710198.02,123584,337.504838
2009,75,"Nouvelle-Aquitaine","24","Dordogne",149511.6225,149511622.5,412082,362.820075
2009,75,"Nouvelle-Aquitaine","33","Gironde",521808.4036,521808403.6,1434661,363.715472
2009,75,"Nouvelle-Aquitaine","40","Landes",160423.6677,160423667.7,379341,422.900945
2009,75,"Nouvelle-Aquitaine","47","Lot-et-Garonne",120507.7437,120507743.7,329697,365.510586
2009,75,"Nouvelle-Aquitaine","64","Pyrénées-Atlantiques",235379.7931,235379793.1,650356,361.924535
2009,75,"Nouvelle-Aquitaine","79","Deux-Sèvres",109128.1091,109128109.1,366339,297.888319
2009,75,"Nouvelle-Aquitaine","86","Vienne",136792.3348,136792334.8,426066,321.059025
2009,75,"Nouvelle-Aquitaine","87","Haute-Vienne",125852.5139,125852513.9,374849,335.741895
2009,76,"Occitanie","09","Ariège",59771.25289,59771252.89,151117,395.529641
2009,76,"Occitanie","11","Aude",153298.6346,153298634.6,353980,433.071457
2009,76,"Occitanie","12","Aveyron",92472.08815,92472088.15,277048,333.776414
2009,76,"Occitanie","30","Gard",264199.6046,264199604.6,701883,376.415449
2009,76,"Occitanie","31","Haute-Garonne",436792.2239,436792223.9,1230820,354.879043
2009,76,"Occitanie","32","Gers",63710.60359,63710603.59,187181,340.368966
2009,76,"Occitanie","34","Hérault",441049.3892,441049389.2,1031974,427.384206
2009,76,"Occitanie","46","Lot",64677.12482,64677124.82,173562,372.645652
2009,76,"Occitanie","48","Lozère",28250.60687,28250606.87,77163,366.115973
2009,76,"Occitanie","65","Hautes-Pyrénées",96533.06214,96533062.14,229670,420.312022
2009,76,"Occitanie","66","Pyrénées-Orientales",206254.7794,206254779.4,445890,462.568748
2009,76,"Occitanie","81","Tarn",130858.7909,130858790.9,374018,349.872976
2009,76,"Occitanie","82","Tarn-et-Garonne",89402.0401,89402040.1,239291,373.612213
2009,93,"PACA","04","Alpes-de-Haute-Provence",72647.75822,72647758.22,159450,455.614664
2009,93,"PACA","05","Hautes-Alpes",64589.0788,64589078.8,135836,475.493085
2009,93,"PACA","06","Alpes-Maritimes",555436.763,555436763,1079100,514.722234
2009,93,"PACA","13","Bouches-du-Rhône",876940.1517,876940151.7,1967299,445.758449
2009,93,"PACA","83","Var",544483.5758,544483575.8,1007303,540.536041
2009,93,"PACA","84","Vaucluse",232948.2324,232948232.4,540065,431.333695
2009,52,"Pays de la Loire","44","Loire-Atlantique",427222.8999,427222899.9,1266358,337.363446
2009,52,"Pays de la Loire","49","Maine-et-Loire",229342.0442,229342044.2,780082,293.997354
2009,52,"Pays de la Loire","53","Mayenne",92684.21033,92684210.33,305147,303.736265
2009,52,"Pays de la Loire","72","Sarthe",180537.7465,180537746.5,561050,321.785485
2009,52,"Pays de la Loire","85","Vendée",218854.1494,218854149.4,626411,349.377883
2011,84,"Auvergne-Rhône-Alpes","01","Ain",177962.5637,177962563.7,603827,294.724422
2011,84,"Auvergne-Rhône-Alpes","03","Allier",127433.2227,127433222.7,342729,371.8192
2011,84,"Auvergne-Rhône-Alpes","07","Ardèche",109283.6567,109283656.7,317277,344.442416
2011,84,"Auvergne-Rhône-Alpes","15","Cantal",65742.76365,65742763.65,147577,445.481095
2011,84,"Auvergne-Rhône-Alpes","26","Drôme",164083.8839,164083883.9,487993,336.24229
2011,84,"Auvergne-Rhône-Alpes","38","Isère",384586.449,384586449,1215212,316.476836
2011,84,"Auvergne-Rhône-Alpes","42","Loire",243047.5937,243047593.7,749053,324.473159
2011,84,"Auvergne-Rhône-Alpes","43","Haute-Loire",70984.74954,70984749.54,224907,315.618231
2011,84,"Auvergne-Rhône-Alpes","63","Puy-de-Dôme",223970.9942,223970994.2,635469,352.449913
2011,84,"Auvergne-Rhône-Alpes","69","Rhône",536031.1968,536031196.8,1744236,307.315751
2011,84,"Auvergne-Rhône-Alpes","73","Savoie",176903.4505,176903450.5,418949,422.255335
2011,84,"Auvergne-Rhône-Alpes","74","Haute-Savoie",295948.392,295948392,746994,396.185768
2011,27,"Bourgogne-Franche-Comté","21","Cote-d'Or",182291.8467,182291846.8,525931,346.607913
2011,27,"Bourgogne-Franche-Comté","25","Doubs",177330.8082,177330808.2,529103,335.153662
2011,27,"Bourgogne-Franche-Comté","39","Jura",80932.19909,80932199.09,261294,309.736155
2011,27,"Bourgogne-Franche-Comté","58","Nièvre",66846.58696,66846586.96,218341,306.156823
2011,27,"Bourgogne-Franche-Comté","70","Haute-Saône",67858.99091,67858990.91,239695,283.105575
2011,27,"Bourgogne-Franche-Comté","71","Saône-et-Loire",181850.1212,181850121.2,555999,327.069151
2011,27,"Bourgogne-Franche-Comté","89","Yonne",123210.2609,123210260.9,342463,359.776854
2011,27,"Bourgogne-Franche-Comté","90","Territoire-de-Belfort",51376.21989,51376219.89,143348,358.402069
2011,53,"Bretagne","22","Cotes-d'Armor",209818.9348,209818934.8,594375,353.007671
2011,53,"Bretagne","29","Finistère",328011.9637,328011963.7,899870,364.510388
2011,53,"Bretagne","35","Ille-et-Vilaine",303871.5622,303871562.1,996439,304.957515
2011,53,"Bretagne","56","Morbihan",255631.6728,255631672.8,727083,351.585269
2011,24,"Centre-Val de Loire","18","Cher",98098.20106,98098201.06,311694,314.725984
2011,24,"Centre-Val de Loire","28","Eure-et-Loir",151341.5238,151341523.8,430416,351.616863
2011,24,"Centre-Val de Loire","36","Indre",80279.73109,80279731.09,230175,348.776935
2011,24,"Centre-Val de Loire","37","Indre-et-Loire",193571.2372,193571237.2,593683,326.051507
2011,24,"Centre-Val de Loire","41","Loir-et-Cher",107044.3233,107044323.3,331280,323.12341
2011,24,"Centre-Val de Loire","45","Loiret",211602.8094,211602809.4,659587,320.811067
2011,94,"Corse","2A","Corse-du-Sud",74431.03664,74431036.64,145846,510.339924
2011,94,"Corse","2B","Haute-Corse",95557.31182,95557311.82,168640,566.634913
2011,97,"Dom-Com","971","Guadeloupe",172294.0905,172294090.5,404635,425.801254
2011,97,"Dom-Com","972","Martinique",141201.32,141201320,392291,359.940248
2011,97,"Dom-Com","973","Guyane",93498.22874,93498228.74,237549,393.595547
2011,97,"Dom-Com","974","Réunion",299708.7668,299708766.8,828581,361.713298
2011,44,"Grand-Est","08","Ardennes",103035.9082,103035908.2,283110,363.943019
2011,44,"Grand-Est","10","Aube",113487.771,113487771,303997,373.31872
2011,44,"Grand-Est","51","Marne",197829.8514,197829851.4,566571,349.17045
2011,44,"Grand-Est","52","Haute-Marne",62003.75988,62003759.88,182375,339.979492
2011,44,"Grand-Est","54","Meurthe-et-Moselle",259113.9218,259113921.8,733124,353.438056
2011,44,"Grand-Est","55","Meuse",63952.72987,63952729.87,193557,330.407734
2011,44,"Grand-Est","57","Moselle",385489.0279,385489027.9,1045146,368.83749
2011,44,"Grand-Est","67","Bas-Rhin",365977.8989,365977898.9,1099269,332.928426
2011,44,"Grand-Est","68","Haut-Rhin",242324.1806,242324180.6,753056,321.787729
2011,44,"Grand-Est","88","Vosges",131487.9255,131487925.5,378830,347.089527
2011,32,"Hauts-de-France","02","Aisne",190620.1301,190620130.1,541302,352.151165
2011,32,"Hauts-de-France","59","Nord",971911.8719,971911871.9,2579208,376.825704
2011,32,"Hauts-de-France","60","Oise",301778.82,301778820,805642,374.581786
2011,32,"Hauts-de-France","62","Pas-de-Calais",599384.7118,599384711.8,1462807,409.749687
2011,32,"Hauts-de-France","80","Somme",215140.7227,215140722.8,571211,376.63967
2011,11,"Ile-de-France","75","Paris",981012.22,981012220,2249975,436.010275
2011,11,"Ile-de-France","77","Seine-et-Marne",485555.9797,485555979.7,1338427,362.78107
2011,11,"Ile-de-France","78","Yvelines",471877.3632,471877363.2,1413635,333.804244
2011,11,"Ile-de-France","91","Essonne",413413.2575,413413257.5,1225191,337.427599
2011,11,"Ile-de-France","92","Hauts-de-seine",549505.238,549505238,1581628,347.43014
2011,11,"Ile-de-France","93","Seine-Saint-Denis",543875.6028,543875602.8,1529928,355.490979
2011,11,"Ile-de-France","94","Val-de-Marne",446930.0655,446930065.5,1333702,335.104892
2011,11,"Ile-de-France","95","Val-d'Oise",419397.9688,419397968.8,1180365,355.312101
2011,28,"Normandie","14","Calvados",265001.7712,265001771.3,685262,386.715987
2011,28,"Normandie","27","Eure",205914.7118,205914711.8,588111,350.128992
2011,28,"Normandie","50","Manche",196080.6121,196080612.1,499531,392.529416
2011,28,"Normandie","61","Orne",96036.00015,96036000.15,290891,330.144281
2011,28,"Normandie","76","Seine-Maritime",450308.4495,450308449.5,1251282,359.877669
2011,75,"Nouvelle-Aquitaine","16","Charente",110818.4,110818400,352705,314.195715
2011,75,"Nouvelle-Aquitaine","17","Charente-Maritime",258057.3,258057300,625682,412.441623
2011,75,"Nouvelle-Aquitaine","19","Corrèze",85579.06082,85579060.82,242454,352.970298
2011,75,"Nouvelle-Aquitaine","23","Creuse",40405.89448,40405894.48,122560,329.682559
2011,75,"Nouvelle-Aquitaine","24","Dordogne",142323.3111,142323311.1,415168,342.808962
2011,75,"Nouvelle-Aquitaine","33","Gironde",545028.1969,545028196.9,1463662,372.372991
2011,75,"Nouvelle-Aquitaine","40","Landes",183476.262,183476262,387929,472.963511
2011,75,"Nouvelle-Aquitaine","47","Lot-et-Garonne",114489.8765,114489876.5,330866,346.03095
2011,75,"Nouvelle-Aquitaine","64","Pyrénées-Atlantiques",237459.1127,237459112.7,656608,361.645171
2011,75,"Nouvelle-Aquitaine","79","Deux-Sèvres",108240.5,108240500,370939,291.801347
2011,75,"Nouvelle-Aquitaine","86","Vienne",135305.3858,135305385.8,428447,315.804255
2011,75,"Nouvelle-Aquitaine","87","Haute-Vienne",126709.8381,126709838.1,376058,336.942275
2011,76,"Occitanie","09","Ariège",59654.99462,59654994.62,152286,391.729998
2011,76,"Occitanie","11","Aude",149786.3664,149786366.4,359967,416.111383
2011,76,"Occitanie","12","Aveyron",88268.70652,88268706.52,275813,320.030986
2011,76,"Occitanie","30","Gard",280877.9998,280877999.8,718357,391.000574
2011,76,"Occitanie","31","Haute-Garonne",448995.8269,448995826.9,1260226,356.281989
2011,76,"Occitanie","32","Gers",64177.20583,64177205.83,188893,339.754283
2011,76,"Occitanie","34","Hérault",439150.0272,439150027.2,1062036,413.498249
2011,76,"Occitanie","46","Lot",63187.9264,63187926.4,174754,361.582146
2011,76,"Occitanie","48","Lozère",27329.57422,27329574.22,77156,354.211911
2011,76,"Occitanie","65","Hautes-Pyrénées",91159.69907,91159699.07,229228,397.681343
2011,76,"Occitanie","66","Pyrénées-Orientales",204740.6873,204740687.3,452530,452.435611
2011,76,"Occitanie","81","Tarn",127445.8374,127445837.4,377675,337.448434
2011,76,"Occitanie","82","Tarn-et-Garonne",86536.32291,86536322.91,244545,353.866662
2011,93,"PACA","04","Alpes-de-Haute-Provence",70582.05293,70582052.93,160959,438.509514
2011,93,"PACA","05","Hautes-Alpes",61518.34239,61518342.39,138605,443.839272
2011,93,"PACA","06","Alpes-Maritimes",563753.77,563753770,1081244,521.393663
2011,93,"PACA","13","Bouches-du-Rhône",872147.7917,872147791.7,1975896,441.393571
2011,93,"PACA","83","Var",553739.683,553739683,1012735,546.776484
2011,93,"PACA","84","Vaucluse",232884.2535,232884253.5,546630,426.036356
2011,52,"Pays de la Loire","44","Loire-Atlantique",415750.3477,415750347.7,1296364,320.704946
2011,52,"Pays de la Loire","49","Maine-et-Loire",216603.2509,216603250.9,790343,274.062338
2011,52,"Pays de la Loire","53","Mayenne",88931.27787,88931277.87,307031,289.649181
2011,52,"Pays de la Loire","72","Sarthe",172842.2848,172842284.8,565718,305.527285
2011,52,"Pays de la Loire","85","Vendée",212793.1877,212793187.7,641657,331.630742
2013,84,"Auvergne-Rhône-Alpes","01","Ain",174458.9502,174458950.2,619497,281.613874
2013,84,"Auvergne-Rhône-Alpes","03","Allier",119186.4458,119186445.8,343431,347.046264
2013,84,"Auvergne-Rhône-Alpes","07","Ardèche",106929.8118,106929811.8,320379,333.760364
2013,84,"Auvergne-Rhône-Alpes","15","Cantal",50519.00915,50519009.15,147035,343.584922
2013,84,"Auvergne-Rhône-Alpes","26","Drôme",160822.4563,160822456.3,494712,325.08299
2013,84,"Auvergne-Rhône-Alpes","38","Isère",371493.7865,371493786.5,1235387,300.710454
2013,84,"Auvergne-Rhône-Alpes","42","Loire",226418.3625,226418362.5,756715,299.212203
2013,84,"Auvergne-Rhône-Alpes","43","Haute-Loire",69871.04358,69871043.58,226203,308.886458
2013,84,"Auvergne-Rhône-Alpes","63","Puy-de-Dôme",204036.3833,204036383.3,640999,318.309986
2013,84,"Auvergne-Rhône-Alpes","69","Rhône",523765.0523,523765052.3,1779845,294.275654
2013,84,"Auvergne-Rhône-Alpes","73","Savoie",174157.8234,174157823.4,423715,411.025862
2013,84,"Auvergne-Rhône-Alpes","74","Haute-Savoie",296690.3301,296690330.1,769677,385.473815
2013,27,"Bourgogne-Franche-Comté","21","Cote-d'Or",175887.4641,175887464.1,529761,332.012858
2013,27,"Bourgogne-Franche-Comté","25","Doubs",155908.3179,155908317.9,533320,292.335404
2013,27,"Bourgogne-Franche-Comté","39","Jura",79333.81416,79333814.16,260502,304.542054
2013,27,"Bourgogne-Franche-Comté","58","Nièvre",63446.71486,63446714.86,215221,294.797974
2013,27,"Bourgogne-Franche-Comté","70","Haute-Saône",61472.57421,61472574.21,238956,257.254784
2013,27,"Bourgogne-Franche-Comté","71","Saône-et-Loire",167079.6774,167079677.4,556222,300.383079
2013,27,"Bourgogne-Franche-Comté","89","Yonne",112227.4669,112227466.9,341483,328.647302
2013,27,"Bourgogne-Franche-Comté","90","Territoire-de-Belfort",46083.89672,46083896.72,144318,319.321891
2013,53,"Bretagne","22","Cotes-d'Armor",194547.7607,194547760.7,597085,325.829254
2013,53,"Bretagne","29","Finistère",310907.7664,310907766.4,903921,343.954578
2013,53,"Bretagne","35","Ille-et-Vilaine",296243.9605,296243960.5,1019923,290.457182
2013,53,"Bretagne","56","Morbihan",240451.4367,240451436.8,737778,325.912993
2013,24,"Centre-Val de Loire","18","Cher",91215.13539,91215135.39,311650,292.684535
2013,24,"Centre-Val de Loire","28","Eure-et-Loir",138957.6811,138957681.1,432967,320.942891
2013,24,"Centre-Val de Loire","36","Indre",74340.1118,74340111.8,228091,325.923038
2013,24,"Centre-Val de Loire","37","Indre-et-Loire",182335.8824,182335882.4,600252,303.765555
2013,24,"Centre-Val de Loire","41","Loir-et-Cher",102260.0979,102260097.9,332001,308.011415
2013,24,"Centre-Val de Loire","45","Loiret",196153.3685,196153368.5,665587,294.707331
2013,94,"Corse","2A","Corse-du-Sud",85500.77593,85500775.93,149234,572.93094
2013,94,"Corse","2B","Haute-Corse",86748.91308,86748913.08,170974,507.38073
2013,97,"Dom-Com","971","Guadeloupe",155220.0237,155220023.7,402119,386.005196
2013,97,"Dom-Com","972","Martinique",134838.52,134838520,385551,349.7294
2013,97,"Dom-Com","973","Guyane",57280.56636,57280566.36,244118,234.642944
2013,97,"Dom-Com","974","Réunion",268766.1,268766100,835103,321.835869
2013,44,"Grand-Est","08","Ardennes",95519.35876,95519358.76,280907,340.039083
2013,44,"Grand-Est","10","Aube",103606.9585,103606958.5,306581,337.943181
2013,44,"Grand-Est","51","Marne",192647.831,192647831,569999,337.979243
2013,44,"Grand-Est","52","Haute-Marne",59613.54573,59613545.73,181521,328.411289
2013,44,"Grand-Est","54","Meurthe-et-Moselle",245354.2728,245354272.8,731004,335.640123
2013,44,"Grand-Est","55","Meuse",61305.38662,61305386.62,192094,319.142641
2013,44,"Grand-Est","57","Moselle",372233.3884,372233388.4,1046873,355.566901
2013,44,"Grand-Est","67","Bas-Rhin",337109.4073,337109407.3,1109460,303.849987
2013,44,"Grand-Est","68","Haut-Rhin",236770.0167,236770016.7,758723,312.063845
2013,44,"Grand-Est","88","Vosges",124550.8535,124550853.5,375226,331.935562
2013,32,"Hauts-de-France","02","Aisne",181478.4918,181478491.8,540067,336.029588
2013,32,"Hauts-de-France","59","Nord",925126.0611,925126061.1,2595536,356.429678
2013,32,"Hauts-de-France","60","Oise",276435.84,276435840,815400,339.01869
2013,32,"Hauts-de-France","62","Pas-de-Calais",575948.2074,575948207.4,1465205,393.083703
2013,32,"Hauts-de-France","80","Somme",204388.6238,204388623.8,571675,357.525908
2013,11,"Ile-de-France","75","Paris",948168.7,948168700,2229621,425.260032
2013,11,"Ile-de-France","77","Seine-et-Marne",477345.4029,477345402.9,1365200,349.65236
2013,11,"Ile-de-France","78","Yvelines",450993.4449,450993444.9,1418484,317.940452
2013,11,"Ile-de-France","91","Essonne",399649.0428,399649042.8,1253931,318.716933
2013,11,"Ile-de-France","92","Hauts-de-seine",523349.1102,523349110.2,1591403,328.8602
2013,11,"Ile-de-France","93","Seine-Saint-Denis",552904.5869,552904586.9,1552482,356.142349
2013,11,"Ile-de-France","94","Val-de-Marne",436808.9272,436808927.2,1354005,322.605106
2013,11,"Ile-de-France","95","Val-d'Oise",410646.0253,410646025.3,1194681,343.728598
2013,28,"Normandie","14","Calvados",250574.0575,250574057.5,689945,363.179757
2013,28,"Normandie","27","Eure",201602.107,201602107,595043,338.802585
2013,28,"Normandie","50","Manche",170477.0214,170477021.4,499919,341.009286
2013,28,"Normandie","61","Orne",94054.89775,94054897.75,288848,325.620733
2013,28,"Normandie","76","Seine-Maritime",441130.6274,441130627.4,1254609,351.608052
2013,75,"Nouvelle-Aquitaine","16","Charente",108023.69,108023690,353482,305.598842
2013,75,"Nouvelle-Aquitaine","17","Charente-Maritime",252842.04,252842040,633417,399.171541
2013,75,"Nouvelle-Aquitaine","19","Corrèze",78198.13539,78198135.39,240781,324.768712
2013,75,"Nouvelle-Aquitaine","23","Creuse",39825.7322,39825732.2,120872,329.48683
2013,75,"Nouvelle-Aquitaine","24","Dordogne",142355.7691,142355769.1,416909,341.455255
2013,75,"Nouvelle-Aquitaine","33","Gironde",499697.7428,499697742.8,1505517,331.911059
2013,75,"Nouvelle-Aquitaine","40","Landes",155609.284,155609284,397226,391.739926
2013,75,"Nouvelle-Aquitaine","47","Lot-et-Garonne",111392.4405,111392440.5,333180,334.331113
2013,75,"Nouvelle-Aquitaine","64","Pyrénées-Atlantiques",228610.6155,228610615.5,664057,344.263542
2013,75,"Nouvelle-Aquitaine","79","Deux-Sèvres",104556.6,104556600,371632,281.344448
2013,75,"Nouvelle-Aquitaine","86","Vienne",129390.87,129390870,431248,300.038191
2013,75,"Nouvelle-Aquitaine","87","Haute-Vienne",118508.3623,118508362.3,375856,315.302568
2013,76,"Occitanie","09","Ariège",57857.67172,57857671.72,152684,378.937358
2013,76,"Occitanie","11","Aude",154601.0959,154601095.9,364877,423.707429
2013,76,"Occitanie","12","Aveyron",85363.71946,85363719.46,277740,307.351189
2013,76,"Occitanie","30","Gard",259621.7474,259621747.4,733201,354.093553
2013,76,"Occitanie","31","Haute-Garonne",444203.8872,444203887.2,1298562,342.073683
2013,76,"Occitanie","32","Gers",61916.02642,61916026.42,190276,325.401135
2013,76,"Occitanie","34","Hérault",449005.882,449005882,1092331,411.052951
2013,76,"Occitanie","46","Lot",62855.98149,62855981.49,173758,361.744388
2013,76,"Occitanie","48","Lozère",26493.15208,26493152.08,76607,345.832
2013,76,"Occitanie","65","Hautes-Pyrénées",88291.48237,88291482.37,228868,385.774692
2013,76,"Occitanie","66","Pyrénées-Orientales",210618.6003,210618600.3,462705,455.189808
2013,76,"Occitanie","81","Tarn",125342.5445,125342544.5,381927,328.18456
2013,76,"Occitanie","82","Tarn-et-Garonne",86476.87122,86476871.22,250342,345.434929
2013,93,"PACA","04","Alpes-de-Haute-Provence",69713.16417,69713164.17,161916,430.551422
2013,93,"PACA","05","Hautes-Alpes",59302.5095,59302509.5,139279,425.782131
2013,93,"PACA","06","Alpes-Maritimes",544352.02,544352020,1080771,503.670083
2013,93,"PACA","13","Bouches-du-Rhône",835988.4219,835988421.9,1993177,419.425079
2013,93,"PACA","83","Var",526985.0946,526985094.6,1028583,512.340855
2013,93,"PACA","84","Vaucluse",225172.0061,225172006.1,549949,409.441613
2013,52,"Pays de la Loire","44","Loire-Atlantique",388463.5097,388463509.7,1328620,292.381199
2013,52,"Pays de la Loire","49","Maine-et-Loire",208660.9265,208660926.5,800191,260.7639
2013,52,"Pays de la Loire","53","Mayenne",84586.33336,84586333.36,307500,275.077506
2013,52,"Pays de la Loire","72","Sarthe",162727.047,162727047,569035,285.970189
2013,52,"Pays de la Loire","85","Vendée",200262.67,200262670,655506,305.508523
2015,84,"Auvergne-Rhône-Alpes","01","Ain",167907.6743,167907674.3,631877,265.728416
2015,84,"Auvergne-Rhône-Alpes","03","Allier",118683.1635,118683163.5,341613,347.419926
2015,84,"Auvergne-Rhône-Alpes","07","Ardèche",105030.5254,105030525.4,324209,323.959314
2015,84,"Auvergne-Rhône-Alpes","15","Cantal",48388.03077,48388030.77,146219,330.928475
2015,84,"Auvergne-Rhône-Alpes","26","Drôme",163723.3815,163723381.6,504637,324.437925
2015,84,"Auvergne-Rhône-Alpes","38","Isère",367839.6769,367839676.9,1251060,294.02241
2015,84,"Auvergne-Rhône-Alpes","42","Loire",225453.5802,225453580.2,759411,296.879529
2015,84,"Auvergne-Rhône-Alpes","43","Haute-Loire",68528.23889,68528238.89,227034,301.841305
2015,84,"Auvergne-Rhône-Alpes","63","Puy-de-Dôme",200223.4142,200223414.2,647501,309.224872
2015,84,"Auvergne-Rhône-Alpes","69","Rhône",526304.3941,526304394.1,1821995,288.861601
2015,84,"Auvergne-Rhône-Alpes","73","Savoie",174697.1765,174697176.5,428204,407.976517
2015,84,"Auvergne-Rhône-Alpes","74","Haute-Savoie",291118.7462,291118746.2,793938,366.676927
2015,27,"Bourgogne-Franche-Comté","21","Cote-d'Or",170278.3706,170278370.6,533147,319.383529
2015,27,"Bourgogne-Franche-Comté","25","Doubs",147373.127,147373127,536959,274.458807
2015,27,"Bourgogne-Franche-Comté","39","Jura",77286.29714,77286297.14,260587,296.58539
2015,27,"Bourgogne-Franche-Comté","58","Nièvre",61436.87088,61436870.88,211747,290.142816
2015,27,"Bourgogne-Franche-Comté","70","Haute-Saône",75055.84431,75055844.31,237706,315.750735
2015,27,"Bourgogne-Franche-Comté","71","Saône-et-Loire",162393.7074,162393707.4,555408,292.386331
2015,27,"Bourgogne-Franche-Comté","89","Yonne",106450.5308,106450530.8,340903,312.260469
2015,27,"Bourgogne-Franche-Comté","90","Territoire-de-Belfort",45183.0769,45183076.9,144483,312.722444
2015,53,"Bretagne","22","Cotes-d'Armor",200840.3693,200840369.3,598357,335.653078
2015,53,"Bretagne","29","Finistère",304068.9422,304068942.2,907796,334.952943
2015,53,"Bretagne","35","Ille-et-Vilaine",295624.618,295624618,1042884,283.46836
2015,53,"Bretagne","56","Morbihan",239502.7801,239502780.1,744813,321.560955
2015,24,"Centre-Val de Loire","18","Cher",89017.95777,89017957.77,308992,288.091464
2015,24,"Centre-Val de Loire","28","Eure-et-Loir",139850.7464,139850746.4,434035,322.210758
2015,24,"Centre-Val de Loire","36","Indre",70914.3729,70914372.9,224200,316.299611
2015,24,"Centre-Val de Loire","37","Indre-et-Loire",187128.6438,187128643.8,604966,309.320926
2015,24,"Centre-Val de Loire","41","Loir-et-Cher",101652.894,101652894,333050,305.218117
2015,24,"Centre-Val de Loire","45","Loiret",198131.9343,198131934.3,673349,294.248501
2015,94,"Corse","2A","Corse-du-Sud",79911.12923,79911129.23,152730,523.218288
2015,94,"Corse","2B","Haute-Corse",84083.42872,84083428.72,174553,481.707153
2015,97,"Dom-Com","971","Guadeloupe",133796.0799,133796079.9,397990,336.179501
2015,97,"Dom-Com","972","Martinique",131961.661,131961661,380877,346.467917
2015,97,"Dom-Com","973","Guyane",70876.30135,70876301.35,259865,272.742775
2015,97,"Dom-Com","974","Réunion",279392.391,279392391,850727,328.416038
2015,97,"Dom-Com","976","Mayotte",52639.42198,52639421.98,212645,247.546013
2015,44,"Grand-Est","08","Ardennes",92543.533,92543533,277752,333.187638
2015,44,"Grand-Est","10","Aube",101518.6853,101518685.3,309056,328.479904
2015,44,"Grand-Est","51","Marne",186758.9883,186758988.3,572245,326.361939
2015,44,"Grand-Est","52","Haute-Marne",58143.1418,58143141.8,179154,324.542805
2015,44,"Grand-Est","54","Meurthe-et-Moselle",232952.4317,232952431.7,734403,317.199727
2015,44,"Grand-Est","55","Meuse",59432.22012,59432220.12,190626,311.773945
2015,44,"Grand-Est","57","Moselle",360211.0266,360211026.6,1044486,344.869176
2015,44,"Grand-Est","67","Bas-Rhin",331255.2954,331255295.4,1116658,296.648835
2015,44,"Grand-Est","68","Haut-Rhin",241165.7508,241165750.8,762607,316.238574
2015,44,"Grand-Est","88","Vosges",119505.3913,119505391.3,372016,321.237235
2015,32,"Hauts-de-France","02","Aisne",170659.7638,170659763.8,538707,316.795148
2015,32,"Hauts-de-France","59","Nord",902336.6721,902336672.1,2605238,346.354794
2015,32,"Hauts-de-France","60","Oise",273912.685,273912685,821552,333.408822
2015,32,"Hauts-de-France","62","Pas-de-Calais",598879.5631,598879563.1,1472648,406.668506
2015,32,"Hauts-de-France","80","Somme",205548.7803,205548780.3,571879,359.427047
2015,11,"Ile-de-France","75","Paris",934023.3,934023300,2206488,423.307672
2015,11,"Ile-de-France","77","Seine-et-Marne",473404.3702,473404370.2,1390121,340.549038
2015,11,"Ile-de-France","78","Yvelines",448318.9865,448318986.5,1427291,314.104822
2015,11,"Ile-de-France","91","Essonne",399667.8509,399667850.9,1276233,313.162134
2015,11,"Ile-de-France","92","Hauts-de-seine",510878.9053,510878905.3,1601569,318.986509
2015,11,"Ile-de-France","93","Seine-Saint-Denis",539144.8344,539144834.4,1592663,338.517837
2015,11,"Ile-de-France","94","Val-de-Marne",436373.8174,436373817.4,1372389,317.966565
2015,11,"Ile-de-France","95","Val-d'Oise",405441.3318,405441331.8,1215390,333.589491
2015,28,"Normandie","14","Calvados",250687.3911,250687391.1,693579,361.440284
2015,28,"Normandie","27","Eure",197342.0609,197342060.8,601948,327.83905
2015,28,"Normandie","50","Manche",181544.3882,181544388.2,499287,363.60728
2015,28,"Normandie","61","Orne",86505.37196,86505371.96,286618,301.814163
2015,28,"Normandie","76","Seine-Maritime",428980.9187,428980918.7,1257699,341.08393
2015,75,"Nouvelle-Aquitaine","16","Charente",106931.97,106931970,353613,302.398299
2015,75,"Nouvelle-Aquitaine","17","Charente-Maritime",248951.57,248951570,639938,389.024514
2015,75,"Nouvelle-Aquitaine","19","Corrèze",75830.58857,75830588.57,241871,313.516662
2015,75,"Nouvelle-Aquitaine","23","Creuse",38795.25367,38795253.67,120365,322.31341
2015,75,"Nouvelle-Aquitaine","24","Dordogne",138385.6249,138385624.9,415417,333.124607
2015,75,"Nouvelle-Aquitaine","33","Gironde",512357.11,512357110,1548478,330.877874
2015,75,"Nouvelle-Aquitaine","40","Landes",161370.0682,161370068.2,403234,400.189637
2015,75,"Nouvelle-Aquitaine","47","Lot-et-Garonne",110997.4168,110997416.8,333417,332.90869
2015,75,"Nouvelle-Aquitaine","64","Pyrénées-Atlantiques",226382.6703,226382670.3,670032,337.868445
2015,75,"Nouvelle-Aquitaine","79","Deux-Sèvres",104262.0474,104262047.4,374435,278.45166
2015,75,"Nouvelle-Aquitaine","86","Vienne",128358.33,128358330,434887,295.153292
2015,75,"Nouvelle-Aquitaine","87","Haute-Vienne",116238.7504,116238750.3,375795,309.314254
2015,76,"Occitanie","09","Ariège",57577.88939,57577889.39,152499,377.562406
2015,76,"Occitanie","11","Aude",151017.0372,151017037.2,366957,411.538783
2015,76,"Occitanie","12","Aveyron",87432.71647,87432716.47,279169,313.189202
2015,76,"Occitanie","30","Gard",268009.2456,268009245.6,738189,363.063179
2015,76,"Occitanie","31","Haute-Garonne",441765.0923,441765092.3,1335103,330.884652
2015,76,"Occitanie","32","Gers",62644.97623,62644976.23,190932,328.100979
2015,76,"Occitanie","34","Hérault",439126.4878,439126487.8,1120190,392.010719
2015,76,"Occitanie","46","Lot",62538.18066,62538180.66,173400,360.658481
2015,76,"Occitanie","48","Lozère",27375.37278,27375372.78,76309,358.743697
2015,76,"Occitanie","65","Hautes-Pyrénées",84546.70713,84546707.13,228582,369.874736
2015,76,"Occitanie","66","Pyrénées-Orientales",199551.2481,199551248.1,471038,423.641506
2015,76,"Occitanie","81","Tarn",128696.969,128696969,386543,332.943473
2015,76,"Occitanie","82","Tarn-et-Garonne",85566.05863,85566058.63,255274,335.193002
2015,93,"PACA","04","Alpes-de-Haute-Provence",69386.11788,69386117.88,161799,428.84145
2015,93,"PACA","05","Hautes-Alpes",59414.01611,59414016.11,140916,421.627182
2015,93,"PACA","06","Alpes-Maritimes",520041.22,520041220,1082440,480.434222
2015,93,"PACA","13","Bouches-du-Rhône",840538.1509,840538150.9,2016622,416.805009
2015,93,"PACA","83","Var",523808.0925,523808092.5,1048652,499.50612
2015,93,"PACA","84","Vaucluse",227860.4635,227860463.5,557548,408.683133
2015,52,"Pays de la Loire","44","Loire-Atlantique",396355.9134,396355913.4,1366203,290.114948
2015,52,"Pays de la Loire","49","Maine-et-Loire",204167.9653,204167965.3,809210,252.305291
2015,52,"Pays de la Loire","53","Mayenne",82015.92272,82015922.72,307940,266.337347
2015,52,"Pays de la Loire","72","Sarthe",153717.697,153717697,568445,270.417889
2015,52,"Pays de la Loire","85","Vendée",199464.43,199464430,666714,299.175403
2017,84,"Auvergne-Rhône-Alpes","01","Ain",171139.754,171139754,643350,266.013451
2017,84,"Auvergne-Rhône-Alpes","03","Allier",116674.7603,116674760.3,337988,345.203854
2017,84,"Auvergne-Rhône-Alpes","07","Ardèche",104523.433,104523433,325712,320.907528
2017,84,"Auvergne-Rhône-Alpes","15","Cantal",48170.10313,48170103.13,145143,331.880305
2017,84,"Auvergne-Rhône-Alpes","26","Drôme",162356.2729,162356272.9,511553,317.379182
2017,84,"Auvergne-Rhône-Alpes","38","Isère",367174.4951,367174495.1,1258722,291.7042
2017,84,"Auvergne-Rhône-Alpes","42","Loire",225348.2875,225348287.5,762941,295.367908
2017,84,"Auvergne-Rhône-Alpes","43","Haute-Loire",67361.14058,67361140.58,227283,296.375622
2017,84,"Auvergne-Rhône-Alpes","63","Puy-de-Dôme",196155.3366,196155336.6,653742,300.050075
2017,84,"Auvergne-Rhône-Alpes","69","Rhône",532118.6993,532118699.3,1843319,288.674233
2017,84,"Auvergne-Rhône-Alpes","73","Savoie",174805.3495,174805349.5,431174,405.417185
2017,84,"Auvergne-Rhône-Alpes","74","Haute-Savoie",294517.3625,294517362.5,807360,364.790629
2017,27,"Bourgogne-Franche-Comté","21","Cote-d'Or",167353.49,167353490,533819,313.50231
2017,27,"Bourgogne-Franche-Comté","25","Doubs",143677.5379,143677537.9,539067,266.530019
2017,27,"Bourgogne-Franche-Comté","39","Jura",77943.25729,77943257.29,260188,299.56515
2017,27,"Bourgogne-Franche-Comté","58","Nièvre",62496.67045,62496670.45,207182,301.651062
2017,27,"Bourgogne-Franche-Comté","70","Haute-Saône",60472.72516,60472725.16,236659,255.526834
2017,27,"Bourgogne-Franche-Comté","71","Saône-et-Loire",159253.1412,159253141.2,553595,287.670844
2017,27,"Bourgogne-Franche-Comté","89","Yonne",102906.3886,102906388.6,338291,304.194875
2017,27,"Bourgogne-Franche-Comté","90","Territoire-de-Belfort",44557.00219,44557002.19,142622,312.413247
2017,53,"Bretagne","22","Cotes-d'Armor",203344.8297,203344829.7,598814,339.579284
2017,53,"Bretagne","29","Finistère",305670.0429,305670042.9,909028,336.260316
2017,53,"Bretagne","35","Ille-et-Vilaine",292224.3484,292224348.4,1060199,275.631601
2017,53,"Bretagne","56","Morbihan",240554.7031,240554703.1,750863,320.370963
2017,24,"Centre-Val de Loire","18","Cher",87900.84411,87900844.11,304256,288.904225
2017,24,"Centre-Val de Loire","28","Eure-et-Loir",138008.2721,138008272.1,433233,318.554385
2017,24,"Centre-Val de Loire","36","Indre",68419.60594,68419605.94,222232,307.87468
2017,24,"Centre-Val de Loire","37","Indre-et-Loire",186446.0227,186446022.7,606511,307.407487
2017,24,"Centre-Val de Loire","41","Loir-et-Cher",100039.7017,100039701.7,331915,301.401568
2017,24,"Centre-Val de Loire","45","Loiret",194457.9563,194457956.3,678105,286.766734
2017,94,"Corse","2A","Corse-du-Sud",83405,83405000,157249,530.400829
2017,94,"Corse","2B","Haute-Corse",84788.55796,84788557.96,177689,477.173927
2017,97,"Dom-Com","971","Guadeloupe",134128.6556,134128655.6,390253,343.696667
2017,97,"Dom-Com","972","Martinique",134337.34,134337340,372594,360.54617
2017,97,"Dom-Com","973","Guyane",68679.9317,68679931.7,268700,255.600787
2017,97,"Dom-Com","974","Réunion",266224.74,266224740,853659,311.863097
2017,97,"Dom-Com","976","Mayotte",56019.66377,56019663.77,256518,218.384923
2017,44,"Grand-Est","08","Ardennes",92578.55,92578550,273579,338.397866
2017,44,"Grand-Est","10","Aube",100954.2669,100954266.9,310020,325.637916
2017,44,"Grand-Est","51","Marne",185225.253,185225253.1,568854,325.611234
2017,44,"Grand-Est","52","Haute-Marne",55511.99593,55511995.93,175640,316.055545
2017,44,"Grand-Est","54","Meurthe-et-Moselle",230883.4785,230883478.5,733481,314.777722
2017,44,"Grand-Est","55","Meuse",58851.72462,58851724.62,187187,314.400704
2017,44,"Grand-Est","57","Moselle",344210.2279,344210227.9,1043522,329.854308
2017,44,"Grand-Est","67","Bas-Rhin",323646.8169,323646816.9,1125559,287.543182
2017,44,"Grand-Est","68","Haut-Rhin",241496.8336,241496833.6,764030,316.08292
2017,44,"Grand-Est","88","Vosges",114776.8328,114776832.8,367673,312.170958
2017,32,"Hauts-de-France","02","Aisne",168030.2841,168030284.1,534531,314.350868
2017,32,"Hauts-de-France","59","Nord",867854.0766,867854076.6,2604361,333.231098
2017,32,"Hauts-de-France","60","Oise",270443.727,270443727,824503,328.008178
2017,32,"Hauts-de-France","62","Pas-de-Calais",555740.7369,555740736.9,1468018,378.565342
2017,32,"Hauts-de-France","80","Somme",198506.4129,198506412.9,572443,346.770617
2017,11,"Ile-de-France","75","Paris",929626.2,929626200,2187526,424.966926
2017,11,"Ile-de-France","77","Seine-et-Marne",477146.5649,477146564.9,1403997,339.848706
2017,11,"Ile-de-France","78","Yvelines",452709.6389,452709638.9,1438266,314.760718
2017,11,"Ile-de-France","91","Essonne",403667.7475,403667747.4,1296130,311.440787
2017,11,"Ile-de-France","92","Hauts-de-seine",511668.52,511668520,1609306,317.943585
2017,11,"Ile-de-France","93","Seine-Saint-Denis",548504.2923,548504292.3,1623111,337.933938
2017,11,"Ile-de-France","94","Val-de-Marne",444798.7254,444798725.4,1387926,320.477262
2017,11,"Ile-de-France","95","Val-d'Oise",391852.6584,391852658.4,1228618,318.937748
2017,28,"Normandie","14","Calvados",249409.6663,249409666.3,694534,359.103609
2017,28,"Normandie","27","Eure",191598.6084,191598608.4,601843,318.353139
2017,28,"Normandie","50","Manche",165572.0041,165572004.1,496351,333.578463
2017,28,"Normandie","61","Orne",84855.98413,84855984.13,283372,299.450842
2017,28,"Normandie","76","Seine-Maritime",427221.9882,427221988.2,1254378,340.584726
2017,75,"Nouvelle-Aquitaine","16","Charente",104005.38,104005380,352335,295.188896
2017,75,"Nouvelle-Aquitaine","17","Charente-Maritime",248025.99,248025990,644303,384.952405
2017,75,"Nouvelle-Aquitaine","19","Corrèze",76653.50996,76653509.96,241464,317.45316
2017,75,"Nouvelle-Aquitaine","23","Creuse",37962.82746,37962827.46,118638,319.988768
2017,75,"Nouvelle-Aquitaine","24","Dordogne",139972.093,139972093,413606,338.418913
2017,75,"Nouvelle-Aquitaine","33","Gironde",533979.4805,533979480.6,1583384,337.239406
2017,75,"Nouvelle-Aquitaine","40","Landes",158495.6958,158495695.8,407444,388.99995
2017,75,"Nouvelle-Aquitaine","47","Lot-et-Garonne",110905.3469,110905346.9,332842,333.207188
2017,75,"Nouvelle-Aquitaine","64","Pyrénées-Atlantiques",229198.788,229198788,677309,338.396194
2017,75,"Nouvelle-Aquitaine","79","Deux-Sèvres",102182.335,102182335,374351,272.958627
2017,75,"Nouvelle-Aquitaine","86","Vienne",125428.3,125428300,436876,287.102747
2017,75,"Nouvelle-Aquitaine","87","Haute-Vienne",114988.695,114988695,374426,307.106597
2017,76,"Occitanie","09","Ariège",57509.94786,57509947.86,153153,375.506505
2017,76,"Occitanie","11","Aude",153958.863,153958862.9,370260,415.812842
2017,76,"Occitanie","12","Aveyron",90272.42639,90272426.39,279206,323.318361
2017,76,"Occitanie","30","Gard",269253.8553,269253855.3,744178,361.81378
2017,76,"Occitanie","31","Haute-Garonne",446583.7808,446583780.8,1362672,327.72654
2017,76,"Occitanie","32","Gers",62583.12563,62583125.63,191091,327.504307
2017,76,"Occitanie","34","Hérault",434403.0448,434403044.8,1144892,379.427094
2017,76,"Occitanie","46","Lot",62234.54542,62234545.42,173828,358.023709
2017,76,"Occitanie","48","Lozère",25676.8547,25676854.7,76601,335.202604
2017,76,"Occitanie","65","Hautes-Pyrénées",80541.30952,80541309.52,228530,352.432107
2017,76,"Occitanie","66","Pyrénées-Orientales",204033.078,204033078,474452,430.039451
2017,76,"Occitanie","81","Tarn",127881.197,127881197,387890,329.684181
2017,76,"Occitanie","82","Tarn-et-Garonne",88642.58834,88642588.34,258349,343.111791
2017,93,"PACA","04","Alpes-de-Haute-Provence",69066.92431,69066924.31,163915,421.358169
2017,93,"PACA","05","Hautes-Alpes",57815.3434,57815343.4,141284,409.213664
2017,93,"PACA","06","Alpes-Maritimes",500489.54,500489540,1083310,462.000295
2017,93,"PACA","13","Bouches-du-Rhône",829898.8499,829898849.9,2024162,409.99626
2017,93,"PACA","83","Var",514235.0172,514235017.2,1058740,485.704721
2017,93,"PACA","84","Vaucluse",224582.4125,224582412.5,559479,401.41348
2017,52,"Pays de la Loire","44","Loire-Atlantique",384238.3787,384238378.7,1394783,275.48255
2017,52,"Pays de la Loire","49","Maine-et-Loire",208812.4425,208812442.5,813619,256.646467
2017,52,"Pays de la Loire","53","Mayenne",79724.27367,79724273.67,307445,259.312311
2017,52,"Pays de la Loire","72","Sarthe",153401.2658,153401265.8,566506,270.784891
2017,52,"Pays de la Loire","85","Vendée",196412.86,196412860,675247,290.875575
